event,total,correct,accuracy,n_track,file
0,1,1,1.0,1,/home/luca/Uni/Triennale/VI/Tesi/final_thesis/reconstructed/reco_C_1.csv
1,1,1,1.0,1,/home/luca/Uni/Triennale/VI/Tesi/final_thesis/reconstructed/reco_C_1.csv
2,1,0,0.0,1,/home/luca/Uni/Triennale/VI/Tesi/final_thesis/reconstructed/reco_C_1.csv
3,1,1,1.0,1,/home/luca/Uni/Triennale/VI/Tesi/final_thesis/reconstructed/reco_C_1.csv
4,1,1,1.0,1,/home/luca/Uni/Triennale/VI/Tesi/final_thesis/reconstructed/reco_C_1.csv
5,1,1,1.0,1,/home/luca/Uni/Triennale/VI/Tesi/final_thesis/reconstructed/reco_C_1.csv
6,1,0,0.0,1,/home/luca/Uni/Triennale/VI/Tesi/final_thesis/reconstructed/reco_C_1.csv
7,1,1,1.0,1,/home/luca/Uni/Triennale/VI/Tesi/final_thesis/reconstructed/reco_C_1.csv
8,1,1,1.0,1,/home/luca/Uni/Triennale/VI/Tesi/final_thesis/reconstructed/reco_C_1.csv
9,1,1,1.0,1,/home/luca/Uni/Triennale/VI/Tesi/final_thesis/reconstructed/reco_C_1.csv
10,1,1,1.0,1,/home/luca/Uni/Triennale/VI/Tesi/final_thesis/reconstructed/reco_C_1.csv
11,1,1,1.0,1,/home/luca/Uni/Triennale/VI/Tesi/final_thesis/reconstructed/reco_C_1.csv
12,1,1,1.0,1,/home/luca/Uni/Triennale/VI/Tesi/final_thesis/reconstructed/reco_C_1.csv
13,1,1,1.0,1,/home/luca/Uni/Triennale/VI/Tesi/final_thesis/reconstructed/reco_C_1.csv
14,1,1,1.0,1,/home/luca/Uni/Triennale/VI/Tesi/final_thesis/reconstructed/reco_C_1.csv
15,1,0,0.0,1,/home/luca/Uni/Triennale/VI/Tesi/final_thesis/reconstructed/reco_C_1.csv
16,1,1,1.0,1,/home/luca/Uni/Triennale/VI/Tesi/final_thesis/reconstructed/reco_C_1.csv
17,1,1,1.0,1,/home/luca/Uni/Triennale/VI/Tesi/final_thesis/reconstructed/reco_C_1.csv
18,1,1,1.0,1,/home/luca/Uni/Triennale/VI/Tesi/final_thesis/reconstructed/reco_C_1.csv
19,1,0,0.0,1,/home/luca/Uni/Triennale/VI/Tesi/final_thesis/reconstructed/reco_C_1.csv
20,1,1,1.0,1,/home/luca/Uni/Triennale/VI/Tesi/final_thesis/reconstructed/reco_C_1.csv
21,1,1,1.0,1,/home/luca/Uni/Triennale/VI/Tesi/final_thesis/reconstructed/reco_C_1.csv
22,1,1,1.0,1,/home/luca/Uni/Triennale/VI/Tesi/final_thesis/reconstructed/reco_C_1.csv
23,1,1,1.0,1,/home/luca/Uni/Triennale/VI/Tesi/final_thesis/reconstructed/reco_C_1.csv
24,1,1,1.0,1,/home/luca/Uni/Triennale/VI/Tesi/final_thesis/reconstructed/reco_C_1.csv
25,1,0,0.0,1,/home/luca/Uni/Triennale/VI/Tesi/final_thesis/reconstructed/reco_C_1.csv
26,1,1,1.0,1,/home/luca/Uni/Triennale/VI/Tesi/final_thesis/reconstructed/reco_C_1.csv
27,1,1,1.0,1,/home/luca/Uni/Triennale/VI/Tesi/final_thesis/reconstructed/reco_C_1.csv
28,1,1,1.0,1,/home/luca/Uni/Triennale/VI/Tesi/final_thesis/reconstructed/reco_C_1.csv
29,1,1,1.0,1,/home/luca/Uni/Triennale/VI/Tesi/final_thesis/reconstructed/reco_C_1.csv
30,1,1,1.0,1,/home/luca/Uni/Triennale/VI/Tesi/final_thesis/reconstructed/reco_C_1.csv
31,1,1,1.0,1,/home/luca/Uni/Triennale/VI/Tesi/final_thesis/reconstructed/reco_C_1.csv
32,1,1,1.0,1,/home/luca/Uni/Triennale/VI/Tesi/final_thesis/reconstructed/reco_C_1.csv
33,1,0,0.0,1,/home/luca/Uni/Triennale/VI/Tesi/final_thesis/reconstructed/reco_C_1.csv
34,1,1,1.0,1,/home/luca/Uni/Triennale/VI/Tesi/final_thesis/reconstructed/reco_C_1.csv
35,1,1,1.0,1,/home/luca/Uni/Triennale/VI/Tesi/final_thesis/reconstructed/reco_C_1.csv
36,1,1,1.0,1,/home/luca/Uni/Triennale/VI/Tesi/final_thesis/reconstructed/reco_C_1.csv
37,1,1,1.0,1,/home/luca/Uni/Triennale/VI/Tesi/final_thesis/reconstructed/reco_C_1.csv
38,1,1,1.0,1,/home/luca/Uni/Triennale/VI/Tesi/final_thesis/reconstructed/reco_C_1.csv
39,1,1,1.0,1,/home/luca/Uni/Triennale/VI/Tesi/final_thesis/reconstructed/reco_C_1.csv
40,1,1,1.0,1,/home/luca/Uni/Triennale/VI/Tesi/final_thesis/reconstructed/reco_C_1.csv
41,1,0,0.0,1,/home/luca/Uni/Triennale/VI/Tesi/final_thesis/reconstructed/reco_C_1.csv
42,1,1,1.0,1,/home/luca/Uni/Triennale/VI/Tesi/final_thesis/reconstructed/reco_C_1.csv
43,1,1,1.0,1,/home/luca/Uni/Triennale/VI/Tesi/final_thesis/reconstructed/reco_C_1.csv
44,1,1,1.0,1,/home/luca/Uni/Triennale/VI/Tesi/final_thesis/reconstructed/reco_C_1.csv
45,1,1,1.0,1,/home/luca/Uni/Triennale/VI/Tesi/final_thesis/reconstructed/reco_C_1.csv
46,1,1,1.0,1,/home/luca/Uni/Triennale/VI/Tesi/final_thesis/reconstructed/reco_C_1.csv
47,1,1,1.0,1,/home/luca/Uni/Triennale/VI/Tesi/final_thesis/reconstructed/reco_C_1.csv
48,1,1,1.0,1,/home/luca/Uni/Triennale/VI/Tesi/final_thesis/reconstructed/reco_C_1.csv
49,1,1,1.0,1,/home/luca/Uni/Triennale/VI/Tesi/final_thesis/reconstructed/reco_C_1.csv
50,1,0,0.0,1,/home/luca/Uni/Triennale/VI/Tesi/final_thesis/reconstructed/reco_C_1.csv
51,1,0,0.0,1,/home/luca/Uni/Triennale/VI/Tesi/final_thesis/reconstructed/reco_C_1.csv
52,1,0,0.0,1,/home/luca/Uni/Triennale/VI/Tesi/final_thesis/reconstructed/reco_C_1.csv
53,1,1,1.0,1,/home/luca/Uni/Triennale/VI/Tesi/final_thesis/reconstructed/reco_C_1.csv
54,1,1,1.0,1,/home/luca/Uni/Triennale/VI/Tesi/final_thesis/reconstructed/reco_C_1.csv
55,1,1,1.0,1,/home/luca/Uni/Triennale/VI/Tesi/final_thesis/reconstructed/reco_C_1.csv
56,1,1,1.0,1,/home/luca/Uni/Triennale/VI/Tesi/final_thesis/reconstructed/reco_C_1.csv
57,1,1,1.0,1,/home/luca/Uni/Triennale/VI/Tesi/final_thesis/reconstructed/reco_C_1.csv
58,1,1,1.0,1,/home/luca/Uni/Triennale/VI/Tesi/final_thesis/reconstructed/reco_C_1.csv
59,1,1,1.0,1,/home/luca/Uni/Triennale/VI/Tesi/final_thesis/reconstructed/reco_C_1.csv
60,1,1,1.0,1,/home/luca/Uni/Triennale/VI/Tesi/final_thesis/reconstructed/reco_C_1.csv
61,1,0,0.0,1,/home/luca/Uni/Triennale/VI/Tesi/final_thesis/reconstructed/reco_C_1.csv
62,1,1,1.0,1,/home/luca/Uni/Triennale/VI/Tesi/final_thesis/reconstructed/reco_C_1.csv
63,1,1,1.0,1,/home/luca/Uni/Triennale/VI/Tesi/final_thesis/reconstructed/reco_C_1.csv
64,1,1,1.0,1,/home/luca/Uni/Triennale/VI/Tesi/final_thesis/reconstructed/reco_C_1.csv
65,1,1,1.0,1,/home/luca/Uni/Triennale/VI/Tesi/final_thesis/reconstructed/reco_C_1.csv
66,1,1,1.0,1,/home/luca/Uni/Triennale/VI/Tesi/final_thesis/reconstructed/reco_C_1.csv
67,1,1,1.0,1,/home/luca/Uni/Triennale/VI/Tesi/final_thesis/reconstructed/reco_C_1.csv
68,1,1,1.0,1,/home/luca/Uni/Triennale/VI/Tesi/final_thesis/reconstructed/reco_C_1.csv
69,1,1,1.0,1,/home/luca/Uni/Triennale/VI/Tesi/final_thesis/reconstructed/reco_C_1.csv
70,1,1,1.0,1,/home/luca/Uni/Triennale/VI/Tesi/final_thesis/reconstructed/reco_C_1.csv
71,1,1,1.0,1,/home/luca/Uni/Triennale/VI/Tesi/final_thesis/reconstructed/reco_C_1.csv
72,1,0,0.0,1,/home/luca/Uni/Triennale/VI/Tesi/final_thesis/reconstructed/reco_C_1.csv
73,1,1,1.0,1,/home/luca/Uni/Triennale/VI/Tesi/final_thesis/reconstructed/reco_C_1.csv
74,1,1,1.0,1,/home/luca/Uni/Triennale/VI/Tesi/final_thesis/reconstructed/reco_C_1.csv
75,1,1,1.0,1,/home/luca/Uni/Triennale/VI/Tesi/final_thesis/reconstructed/reco_C_1.csv
76,1,1,1.0,1,/home/luca/Uni/Triennale/VI/Tesi/final_thesis/reconstructed/reco_C_1.csv
77,1,1,1.0,1,/home/luca/Uni/Triennale/VI/Tesi/final_thesis/reconstructed/reco_C_1.csv
78,1,1,1.0,1,/home/luca/Uni/Triennale/VI/Tesi/final_thesis/reconstructed/reco_C_1.csv
79,1,1,1.0,1,/home/luca/Uni/Triennale/VI/Tesi/final_thesis/reconstructed/reco_C_1.csv
80,1,1,1.0,1,/home/luca/Uni/Triennale/VI/Tesi/final_thesis/reconstructed/reco_C_1.csv
81,1,1,1.0,1,/home/luca/Uni/Triennale/VI/Tesi/final_thesis/reconstructed/reco_C_1.csv
82,1,1,1.0,1,/home/luca/Uni/Triennale/VI/Tesi/final_thesis/reconstructed/reco_C_1.csv
83,1,1,1.0,1,/home/luca/Uni/Triennale/VI/Tesi/final_thesis/reconstructed/reco_C_1.csv
84,1,1,1.0,1,/home/luca/Uni/Triennale/VI/Tesi/final_thesis/reconstructed/reco_C_1.csv
85,1,0,0.0,1,/home/luca/Uni/Triennale/VI/Tesi/final_thesis/reconstructed/reco_C_1.csv
86,1,1,1.0,1,/home/luca/Uni/Triennale/VI/Tesi/final_thesis/reconstructed/reco_C_1.csv
87,1,1,1.0,1,/home/luca/Uni/Triennale/VI/Tesi/final_thesis/reconstructed/reco_C_1.csv
88,1,1,1.0,1,/home/luca/Uni/Triennale/VI/Tesi/final_thesis/reconstructed/reco_C_1.csv
89,1,1,1.0,1,/home/luca/Uni/Triennale/VI/Tesi/final_thesis/reconstructed/reco_C_1.csv
90,1,1,1.0,1,/home/luca/Uni/Triennale/VI/Tesi/final_thesis/reconstructed/reco_C_1.csv
91,1,1,1.0,1,/home/luca/Uni/Triennale/VI/Tesi/final_thesis/reconstructed/reco_C_1.csv
92,1,1,1.0,1,/home/luca/Uni/Triennale/VI/Tesi/final_thesis/reconstructed/reco_C_1.csv
93,1,0,0.0,1,/home/luca/Uni/Triennale/VI/Tesi/final_thesis/reconstructed/reco_C_1.csv
94,1,1,1.0,1,/home/luca/Uni/Triennale/VI/Tesi/final_thesis/reconstructed/reco_C_1.csv
95,1,1,1.0,1,/home/luca/Uni/Triennale/VI/Tesi/final_thesis/reconstructed/reco_C_1.csv
96,1,1,1.0,1,/home/luca/Uni/Triennale/VI/Tesi/final_thesis/reconstructed/reco_C_1.csv
97,1,1,1.0,1,/home/luca/Uni/Triennale/VI/Tesi/final_thesis/reconstructed/reco_C_1.csv
98,1,1,1.0,1,/home/luca/Uni/Triennale/VI/Tesi/final_thesis/reconstructed/reco_C_1.csv
99,1,0,0.0,1,/home/luca/Uni/Triennale/VI/Tesi/final_thesis/reconstructed/reco_C_1.csv
0,2,2,1.0,2,/home/luca/Uni/Triennale/VI/Tesi/final_thesis/reconstructed/reco_C_2.csv
1,2,2,1.0,2,/home/luca/Uni/Triennale/VI/Tesi/final_thesis/reconstructed/reco_C_2.csv
2,2,2,1.0,2,/home/luca/Uni/Triennale/VI/Tesi/final_thesis/reconstructed/reco_C_2.csv
3,2,2,1.0,2,/home/luca/Uni/Triennale/VI/Tesi/final_thesis/reconstructed/reco_C_2.csv
4,2,2,1.0,2,/home/luca/Uni/Triennale/VI/Tesi/final_thesis/reconstructed/reco_C_2.csv
5,2,1,0.5,2,/home/luca/Uni/Triennale/VI/Tesi/final_thesis/reconstructed/reco_C_2.csv
6,2,2,1.0,2,/home/luca/Uni/Triennale/VI/Tesi/final_thesis/reconstructed/reco_C_2.csv
7,2,2,1.0,2,/home/luca/Uni/Triennale/VI/Tesi/final_thesis/reconstructed/reco_C_2.csv
8,2,1,0.5,2,/home/luca/Uni/Triennale/VI/Tesi/final_thesis/reconstructed/reco_C_2.csv
9,2,2,1.0,2,/home/luca/Uni/Triennale/VI/Tesi/final_thesis/reconstructed/reco_C_2.csv
10,2,2,1.0,2,/home/luca/Uni/Triennale/VI/Tesi/final_thesis/reconstructed/reco_C_2.csv
11,2,2,1.0,2,/home/luca/Uni/Triennale/VI/Tesi/final_thesis/reconstructed/reco_C_2.csv
12,2,2,1.0,2,/home/luca/Uni/Triennale/VI/Tesi/final_thesis/reconstructed/reco_C_2.csv
13,2,2,1.0,2,/home/luca/Uni/Triennale/VI/Tesi/final_thesis/reconstructed/reco_C_2.csv
14,2,2,1.0,2,/home/luca/Uni/Triennale/VI/Tesi/final_thesis/reconstructed/reco_C_2.csv
15,2,2,1.0,2,/home/luca/Uni/Triennale/VI/Tesi/final_thesis/reconstructed/reco_C_2.csv
16,2,2,1.0,2,/home/luca/Uni/Triennale/VI/Tesi/final_thesis/reconstructed/reco_C_2.csv
17,2,2,1.0,2,/home/luca/Uni/Triennale/VI/Tesi/final_thesis/reconstructed/reco_C_2.csv
18,2,2,1.0,2,/home/luca/Uni/Triennale/VI/Tesi/final_thesis/reconstructed/reco_C_2.csv
19,2,2,1.0,2,/home/luca/Uni/Triennale/VI/Tesi/final_thesis/reconstructed/reco_C_2.csv
20,2,1,0.5,2,/home/luca/Uni/Triennale/VI/Tesi/final_thesis/reconstructed/reco_C_2.csv
21,2,2,1.0,2,/home/luca/Uni/Triennale/VI/Tesi/final_thesis/reconstructed/reco_C_2.csv
22,2,2,1.0,2,/home/luca/Uni/Triennale/VI/Tesi/final_thesis/reconstructed/reco_C_2.csv
23,2,2,1.0,2,/home/luca/Uni/Triennale/VI/Tesi/final_thesis/reconstructed/reco_C_2.csv
24,2,2,1.0,2,/home/luca/Uni/Triennale/VI/Tesi/final_thesis/reconstructed/reco_C_2.csv
25,2,2,1.0,2,/home/luca/Uni/Triennale/VI/Tesi/final_thesis/reconstructed/reco_C_2.csv
26,2,2,1.0,2,/home/luca/Uni/Triennale/VI/Tesi/final_thesis/reconstructed/reco_C_2.csv
27,2,1,0.5,2,/home/luca/Uni/Triennale/VI/Tesi/final_thesis/reconstructed/reco_C_2.csv
28,2,2,1.0,2,/home/luca/Uni/Triennale/VI/Tesi/final_thesis/reconstructed/reco_C_2.csv
29,2,2,1.0,2,/home/luca/Uni/Triennale/VI/Tesi/final_thesis/reconstructed/reco_C_2.csv
30,2,1,0.5,2,/home/luca/Uni/Triennale/VI/Tesi/final_thesis/reconstructed/reco_C_2.csv
31,2,2,1.0,2,/home/luca/Uni/Triennale/VI/Tesi/final_thesis/reconstructed/reco_C_2.csv
32,2,0,0.0,2,/home/luca/Uni/Triennale/VI/Tesi/final_thesis/reconstructed/reco_C_2.csv
33,2,2,1.0,2,/home/luca/Uni/Triennale/VI/Tesi/final_thesis/reconstructed/reco_C_2.csv
34,2,1,0.5,2,/home/luca/Uni/Triennale/VI/Tesi/final_thesis/reconstructed/reco_C_2.csv
35,2,1,0.5,2,/home/luca/Uni/Triennale/VI/Tesi/final_thesis/reconstructed/reco_C_2.csv
36,2,2,1.0,2,/home/luca/Uni/Triennale/VI/Tesi/final_thesis/reconstructed/reco_C_2.csv
37,2,2,1.0,2,/home/luca/Uni/Triennale/VI/Tesi/final_thesis/reconstructed/reco_C_2.csv
38,2,2,1.0,2,/home/luca/Uni/Triennale/VI/Tesi/final_thesis/reconstructed/reco_C_2.csv
39,2,2,1.0,2,/home/luca/Uni/Triennale/VI/Tesi/final_thesis/reconstructed/reco_C_2.csv
40,2,2,1.0,2,/home/luca/Uni/Triennale/VI/Tesi/final_thesis/reconstructed/reco_C_2.csv
41,2,2,1.0,2,/home/luca/Uni/Triennale/VI/Tesi/final_thesis/reconstructed/reco_C_2.csv
42,2,2,1.0,2,/home/luca/Uni/Triennale/VI/Tesi/final_thesis/reconstructed/reco_C_2.csv
43,2,1,0.5,2,/home/luca/Uni/Triennale/VI/Tesi/final_thesis/reconstructed/reco_C_2.csv
44,2,2,1.0,2,/home/luca/Uni/Triennale/VI/Tesi/final_thesis/reconstructed/reco_C_2.csv
45,2,1,0.5,2,/home/luca/Uni/Triennale/VI/Tesi/final_thesis/reconstructed/reco_C_2.csv
46,2,2,1.0,2,/home/luca/Uni/Triennale/VI/Tesi/final_thesis/reconstructed/reco_C_2.csv
47,2,2,1.0,2,/home/luca/Uni/Triennale/VI/Tesi/final_thesis/reconstructed/reco_C_2.csv
48,2,1,0.5,2,/home/luca/Uni/Triennale/VI/Tesi/final_thesis/reconstructed/reco_C_2.csv
49,2,2,1.0,2,/home/luca/Uni/Triennale/VI/Tesi/final_thesis/reconstructed/reco_C_2.csv
50,2,2,1.0,2,/home/luca/Uni/Triennale/VI/Tesi/final_thesis/reconstructed/reco_C_2.csv
51,2,1,0.5,2,/home/luca/Uni/Triennale/VI/Tesi/final_thesis/reconstructed/reco_C_2.csv
52,2,2,1.0,2,/home/luca/Uni/Triennale/VI/Tesi/final_thesis/reconstructed/reco_C_2.csv
53,2,1,0.5,2,/home/luca/Uni/Triennale/VI/Tesi/final_thesis/reconstructed/reco_C_2.csv
54,2,2,1.0,2,/home/luca/Uni/Triennale/VI/Tesi/final_thesis/reconstructed/reco_C_2.csv
55,2,2,1.0,2,/home/luca/Uni/Triennale/VI/Tesi/final_thesis/reconstructed/reco_C_2.csv
56,2,2,1.0,2,/home/luca/Uni/Triennale/VI/Tesi/final_thesis/reconstructed/reco_C_2.csv
57,2,2,1.0,2,/home/luca/Uni/Triennale/VI/Tesi/final_thesis/reconstructed/reco_C_2.csv
58,2,0,0.0,2,/home/luca/Uni/Triennale/VI/Tesi/final_thesis/reconstructed/reco_C_2.csv
59,2,2,1.0,2,/home/luca/Uni/Triennale/VI/Tesi/final_thesis/reconstructed/reco_C_2.csv
60,2,1,0.5,2,/home/luca/Uni/Triennale/VI/Tesi/final_thesis/reconstructed/reco_C_2.csv
61,2,1,0.5,2,/home/luca/Uni/Triennale/VI/Tesi/final_thesis/reconstructed/reco_C_2.csv
62,2,2,1.0,2,/home/luca/Uni/Triennale/VI/Tesi/final_thesis/reconstructed/reco_C_2.csv
63,2,2,1.0,2,/home/luca/Uni/Triennale/VI/Tesi/final_thesis/reconstructed/reco_C_2.csv
64,2,2,1.0,2,/home/luca/Uni/Triennale/VI/Tesi/final_thesis/reconstructed/reco_C_2.csv
65,2,2,1.0,2,/home/luca/Uni/Triennale/VI/Tesi/final_thesis/reconstructed/reco_C_2.csv
66,2,2,1.0,2,/home/luca/Uni/Triennale/VI/Tesi/final_thesis/reconstructed/reco_C_2.csv
67,2,0,0.0,2,/home/luca/Uni/Triennale/VI/Tesi/final_thesis/reconstructed/reco_C_2.csv
68,2,1,0.5,2,/home/luca/Uni/Triennale/VI/Tesi/final_thesis/reconstructed/reco_C_2.csv
69,2,2,1.0,2,/home/luca/Uni/Triennale/VI/Tesi/final_thesis/reconstructed/reco_C_2.csv
70,2,2,1.0,2,/home/luca/Uni/Triennale/VI/Tesi/final_thesis/reconstructed/reco_C_2.csv
71,2,2,1.0,2,/home/luca/Uni/Triennale/VI/Tesi/final_thesis/reconstructed/reco_C_2.csv
72,2,2,1.0,2,/home/luca/Uni/Triennale/VI/Tesi/final_thesis/reconstructed/reco_C_2.csv
73,2,2,1.0,2,/home/luca/Uni/Triennale/VI/Tesi/final_thesis/reconstructed/reco_C_2.csv
74,2,2,1.0,2,/home/luca/Uni/Triennale/VI/Tesi/final_thesis/reconstructed/reco_C_2.csv
75,2,0,0.0,2,/home/luca/Uni/Triennale/VI/Tesi/final_thesis/reconstructed/reco_C_2.csv
76,2,1,0.5,2,/home/luca/Uni/Triennale/VI/Tesi/final_thesis/reconstructed/reco_C_2.csv
77,2,2,1.0,2,/home/luca/Uni/Triennale/VI/Tesi/final_thesis/reconstructed/reco_C_2.csv
78,2,2,1.0,2,/home/luca/Uni/Triennale/VI/Tesi/final_thesis/reconstructed/reco_C_2.csv
79,2,2,1.0,2,/home/luca/Uni/Triennale/VI/Tesi/final_thesis/reconstructed/reco_C_2.csv
80,2,1,0.5,2,/home/luca/Uni/Triennale/VI/Tesi/final_thesis/reconstructed/reco_C_2.csv
81,2,2,1.0,2,/home/luca/Uni/Triennale/VI/Tesi/final_thesis/reconstructed/reco_C_2.csv
82,2,2,1.0,2,/home/luca/Uni/Triennale/VI/Tesi/final_thesis/reconstructed/reco_C_2.csv
83,2,1,0.5,2,/home/luca/Uni/Triennale/VI/Tesi/final_thesis/reconstructed/reco_C_2.csv
84,2,2,1.0,2,/home/luca/Uni/Triennale/VI/Tesi/final_thesis/reconstructed/reco_C_2.csv
85,2,1,0.5,2,/home/luca/Uni/Triennale/VI/Tesi/final_thesis/reconstructed/reco_C_2.csv
86,2,2,1.0,2,/home/luca/Uni/Triennale/VI/Tesi/final_thesis/reconstructed/reco_C_2.csv
87,2,2,1.0,2,/home/luca/Uni/Triennale/VI/Tesi/final_thesis/reconstructed/reco_C_2.csv
88,2,1,0.5,2,/home/luca/Uni/Triennale/VI/Tesi/final_thesis/reconstructed/reco_C_2.csv
89,2,2,1.0,2,/home/luca/Uni/Triennale/VI/Tesi/final_thesis/reconstructed/reco_C_2.csv
90,2,2,1.0,2,/home/luca/Uni/Triennale/VI/Tesi/final_thesis/reconstructed/reco_C_2.csv
91,2,2,1.0,2,/home/luca/Uni/Triennale/VI/Tesi/final_thesis/reconstructed/reco_C_2.csv
92,2,2,1.0,2,/home/luca/Uni/Triennale/VI/Tesi/final_thesis/reconstructed/reco_C_2.csv
93,2,2,1.0,2,/home/luca/Uni/Triennale/VI/Tesi/final_thesis/reconstructed/reco_C_2.csv
94,2,2,1.0,2,/home/luca/Uni/Triennale/VI/Tesi/final_thesis/reconstructed/reco_C_2.csv
95,2,1,0.5,2,/home/luca/Uni/Triennale/VI/Tesi/final_thesis/reconstructed/reco_C_2.csv
96,2,2,1.0,2,/home/luca/Uni/Triennale/VI/Tesi/final_thesis/reconstructed/reco_C_2.csv
97,2,2,1.0,2,/home/luca/Uni/Triennale/VI/Tesi/final_thesis/reconstructed/reco_C_2.csv
98,2,2,1.0,2,/home/luca/Uni/Triennale/VI/Tesi/final_thesis/reconstructed/reco_C_2.csv
99,2,2,1.0,2,/home/luca/Uni/Triennale/VI/Tesi/final_thesis/reconstructed/reco_C_2.csv
0,3,2,0.6666666666666666,3,/home/luca/Uni/Triennale/VI/Tesi/final_thesis/reconstructed/reco_C_3.csv
1,3,1,0.3333333333333333,3,/home/luca/Uni/Triennale/VI/Tesi/final_thesis/reconstructed/reco_C_3.csv
2,3,3,1.0,3,/home/luca/Uni/Triennale/VI/Tesi/final_thesis/reconstructed/reco_C_3.csv
3,3,3,1.0,3,/home/luca/Uni/Triennale/VI/Tesi/final_thesis/reconstructed/reco_C_3.csv
4,3,3,1.0,3,/home/luca/Uni/Triennale/VI/Tesi/final_thesis/reconstructed/reco_C_3.csv
5,3,2,0.6666666666666666,3,/home/luca/Uni/Triennale/VI/Tesi/final_thesis/reconstructed/reco_C_3.csv
6,3,3,1.0,3,/home/luca/Uni/Triennale/VI/Tesi/final_thesis/reconstructed/reco_C_3.csv
7,3,3,1.0,3,/home/luca/Uni/Triennale/VI/Tesi/final_thesis/reconstructed/reco_C_3.csv
8,3,3,1.0,3,/home/luca/Uni/Triennale/VI/Tesi/final_thesis/reconstructed/reco_C_3.csv
9,3,3,1.0,3,/home/luca/Uni/Triennale/VI/Tesi/final_thesis/reconstructed/reco_C_3.csv
10,3,3,1.0,3,/home/luca/Uni/Triennale/VI/Tesi/final_thesis/reconstructed/reco_C_3.csv
11,3,2,0.6666666666666666,3,/home/luca/Uni/Triennale/VI/Tesi/final_thesis/reconstructed/reco_C_3.csv
12,3,3,1.0,3,/home/luca/Uni/Triennale/VI/Tesi/final_thesis/reconstructed/reco_C_3.csv
13,3,3,1.0,3,/home/luca/Uni/Triennale/VI/Tesi/final_thesis/reconstructed/reco_C_3.csv
14,3,3,1.0,3,/home/luca/Uni/Triennale/VI/Tesi/final_thesis/reconstructed/reco_C_3.csv
15,3,2,0.6666666666666666,3,/home/luca/Uni/Triennale/VI/Tesi/final_thesis/reconstructed/reco_C_3.csv
16,3,3,1.0,3,/home/luca/Uni/Triennale/VI/Tesi/final_thesis/reconstructed/reco_C_3.csv
17,3,2,0.6666666666666666,3,/home/luca/Uni/Triennale/VI/Tesi/final_thesis/reconstructed/reco_C_3.csv
18,3,3,1.0,3,/home/luca/Uni/Triennale/VI/Tesi/final_thesis/reconstructed/reco_C_3.csv
19,3,3,1.0,3,/home/luca/Uni/Triennale/VI/Tesi/final_thesis/reconstructed/reco_C_3.csv
20,3,3,1.0,3,/home/luca/Uni/Triennale/VI/Tesi/final_thesis/reconstructed/reco_C_3.csv
21,3,3,1.0,3,/home/luca/Uni/Triennale/VI/Tesi/final_thesis/reconstructed/reco_C_3.csv
22,3,3,1.0,3,/home/luca/Uni/Triennale/VI/Tesi/final_thesis/reconstructed/reco_C_3.csv
23,3,2,0.6666666666666666,3,/home/luca/Uni/Triennale/VI/Tesi/final_thesis/reconstructed/reco_C_3.csv
24,3,2,0.6666666666666666,3,/home/luca/Uni/Triennale/VI/Tesi/final_thesis/reconstructed/reco_C_3.csv
25,3,2,0.6666666666666666,3,/home/luca/Uni/Triennale/VI/Tesi/final_thesis/reconstructed/reco_C_3.csv
26,3,3,1.0,3,/home/luca/Uni/Triennale/VI/Tesi/final_thesis/reconstructed/reco_C_3.csv
27,3,2,0.6666666666666666,3,/home/luca/Uni/Triennale/VI/Tesi/final_thesis/reconstructed/reco_C_3.csv
28,3,3,1.0,3,/home/luca/Uni/Triennale/VI/Tesi/final_thesis/reconstructed/reco_C_3.csv
29,3,3,1.0,3,/home/luca/Uni/Triennale/VI/Tesi/final_thesis/reconstructed/reco_C_3.csv
30,3,2,0.6666666666666666,3,/home/luca/Uni/Triennale/VI/Tesi/final_thesis/reconstructed/reco_C_3.csv
31,3,3,1.0,3,/home/luca/Uni/Triennale/VI/Tesi/final_thesis/reconstructed/reco_C_3.csv
32,3,3,1.0,3,/home/luca/Uni/Triennale/VI/Tesi/final_thesis/reconstructed/reco_C_3.csv
33,3,3,1.0,3,/home/luca/Uni/Triennale/VI/Tesi/final_thesis/reconstructed/reco_C_3.csv
34,3,2,0.6666666666666666,3,/home/luca/Uni/Triennale/VI/Tesi/final_thesis/reconstructed/reco_C_3.csv
35,3,2,0.6666666666666666,3,/home/luca/Uni/Triennale/VI/Tesi/final_thesis/reconstructed/reco_C_3.csv
36,3,3,1.0,3,/home/luca/Uni/Triennale/VI/Tesi/final_thesis/reconstructed/reco_C_3.csv
37,3,3,1.0,3,/home/luca/Uni/Triennale/VI/Tesi/final_thesis/reconstructed/reco_C_3.csv
38,3,3,1.0,3,/home/luca/Uni/Triennale/VI/Tesi/final_thesis/reconstructed/reco_C_3.csv
39,3,2,0.6666666666666666,3,/home/luca/Uni/Triennale/VI/Tesi/final_thesis/reconstructed/reco_C_3.csv
40,3,3,1.0,3,/home/luca/Uni/Triennale/VI/Tesi/final_thesis/reconstructed/reco_C_3.csv
41,3,2,0.6666666666666666,3,/home/luca/Uni/Triennale/VI/Tesi/final_thesis/reconstructed/reco_C_3.csv
42,3,3,1.0,3,/home/luca/Uni/Triennale/VI/Tesi/final_thesis/reconstructed/reco_C_3.csv
43,3,2,0.6666666666666666,3,/home/luca/Uni/Triennale/VI/Tesi/final_thesis/reconstructed/reco_C_3.csv
44,3,3,1.0,3,/home/luca/Uni/Triennale/VI/Tesi/final_thesis/reconstructed/reco_C_3.csv
45,3,2,0.6666666666666666,3,/home/luca/Uni/Triennale/VI/Tesi/final_thesis/reconstructed/reco_C_3.csv
46,3,3,1.0,3,/home/luca/Uni/Triennale/VI/Tesi/final_thesis/reconstructed/reco_C_3.csv
47,3,2,0.6666666666666666,3,/home/luca/Uni/Triennale/VI/Tesi/final_thesis/reconstructed/reco_C_3.csv
48,3,3,1.0,3,/home/luca/Uni/Triennale/VI/Tesi/final_thesis/reconstructed/reco_C_3.csv
49,3,3,1.0,3,/home/luca/Uni/Triennale/VI/Tesi/final_thesis/reconstructed/reco_C_3.csv
50,3,3,1.0,3,/home/luca/Uni/Triennale/VI/Tesi/final_thesis/reconstructed/reco_C_3.csv
51,3,3,1.0,3,/home/luca/Uni/Triennale/VI/Tesi/final_thesis/reconstructed/reco_C_3.csv
52,3,3,1.0,3,/home/luca/Uni/Triennale/VI/Tesi/final_thesis/reconstructed/reco_C_3.csv
53,3,2,0.6666666666666666,3,/home/luca/Uni/Triennale/VI/Tesi/final_thesis/reconstructed/reco_C_3.csv
54,3,2,0.6666666666666666,3,/home/luca/Uni/Triennale/VI/Tesi/final_thesis/reconstructed/reco_C_3.csv
55,3,3,1.0,3,/home/luca/Uni/Triennale/VI/Tesi/final_thesis/reconstructed/reco_C_3.csv
56,3,3,1.0,3,/home/luca/Uni/Triennale/VI/Tesi/final_thesis/reconstructed/reco_C_3.csv
57,3,3,1.0,3,/home/luca/Uni/Triennale/VI/Tesi/final_thesis/reconstructed/reco_C_3.csv
58,3,1,0.3333333333333333,3,/home/luca/Uni/Triennale/VI/Tesi/final_thesis/reconstructed/reco_C_3.csv
59,3,3,1.0,3,/home/luca/Uni/Triennale/VI/Tesi/final_thesis/reconstructed/reco_C_3.csv
60,3,3,1.0,3,/home/luca/Uni/Triennale/VI/Tesi/final_thesis/reconstructed/reco_C_3.csv
61,3,3,1.0,3,/home/luca/Uni/Triennale/VI/Tesi/final_thesis/reconstructed/reco_C_3.csv
62,3,2,0.6666666666666666,3,/home/luca/Uni/Triennale/VI/Tesi/final_thesis/reconstructed/reco_C_3.csv
63,3,2,0.6666666666666666,3,/home/luca/Uni/Triennale/VI/Tesi/final_thesis/reconstructed/reco_C_3.csv
64,3,3,1.0,3,/home/luca/Uni/Triennale/VI/Tesi/final_thesis/reconstructed/reco_C_3.csv
65,3,1,0.3333333333333333,3,/home/luca/Uni/Triennale/VI/Tesi/final_thesis/reconstructed/reco_C_3.csv
66,3,2,0.6666666666666666,3,/home/luca/Uni/Triennale/VI/Tesi/final_thesis/reconstructed/reco_C_3.csv
67,3,3,1.0,3,/home/luca/Uni/Triennale/VI/Tesi/final_thesis/reconstructed/reco_C_3.csv
68,3,2,0.6666666666666666,3,/home/luca/Uni/Triennale/VI/Tesi/final_thesis/reconstructed/reco_C_3.csv
69,3,3,1.0,3,/home/luca/Uni/Triennale/VI/Tesi/final_thesis/reconstructed/reco_C_3.csv
70,3,3,1.0,3,/home/luca/Uni/Triennale/VI/Tesi/final_thesis/reconstructed/reco_C_3.csv
71,3,2,0.6666666666666666,3,/home/luca/Uni/Triennale/VI/Tesi/final_thesis/reconstructed/reco_C_3.csv
72,3,3,1.0,3,/home/luca/Uni/Triennale/VI/Tesi/final_thesis/reconstructed/reco_C_3.csv
73,3,2,0.6666666666666666,3,/home/luca/Uni/Triennale/VI/Tesi/final_thesis/reconstructed/reco_C_3.csv
74,3,3,1.0,3,/home/luca/Uni/Triennale/VI/Tesi/final_thesis/reconstructed/reco_C_3.csv
75,3,3,1.0,3,/home/luca/Uni/Triennale/VI/Tesi/final_thesis/reconstructed/reco_C_3.csv
76,3,2,0.6666666666666666,3,/home/luca/Uni/Triennale/VI/Tesi/final_thesis/reconstructed/reco_C_3.csv
77,3,3,1.0,3,/home/luca/Uni/Triennale/VI/Tesi/final_thesis/reconstructed/reco_C_3.csv
78,3,3,1.0,3,/home/luca/Uni/Triennale/VI/Tesi/final_thesis/reconstructed/reco_C_3.csv
79,3,3,1.0,3,/home/luca/Uni/Triennale/VI/Tesi/final_thesis/reconstructed/reco_C_3.csv
80,3,3,1.0,3,/home/luca/Uni/Triennale/VI/Tesi/final_thesis/reconstructed/reco_C_3.csv
81,3,1,0.3333333333333333,3,/home/luca/Uni/Triennale/VI/Tesi/final_thesis/reconstructed/reco_C_3.csv
82,3,3,1.0,3,/home/luca/Uni/Triennale/VI/Tesi/final_thesis/reconstructed/reco_C_3.csv
83,3,3,1.0,3,/home/luca/Uni/Triennale/VI/Tesi/final_thesis/reconstructed/reco_C_3.csv
84,3,2,0.6666666666666666,3,/home/luca/Uni/Triennale/VI/Tesi/final_thesis/reconstructed/reco_C_3.csv
85,3,3,1.0,3,/home/luca/Uni/Triennale/VI/Tesi/final_thesis/reconstructed/reco_C_3.csv
86,3,3,1.0,3,/home/luca/Uni/Triennale/VI/Tesi/final_thesis/reconstructed/reco_C_3.csv
87,3,3,1.0,3,/home/luca/Uni/Triennale/VI/Tesi/final_thesis/reconstructed/reco_C_3.csv
88,3,3,1.0,3,/home/luca/Uni/Triennale/VI/Tesi/final_thesis/reconstructed/reco_C_3.csv
89,3,2,0.6666666666666666,3,/home/luca/Uni/Triennale/VI/Tesi/final_thesis/reconstructed/reco_C_3.csv
90,3,3,1.0,3,/home/luca/Uni/Triennale/VI/Tesi/final_thesis/reconstructed/reco_C_3.csv
91,3,2,0.6666666666666666,3,/home/luca/Uni/Triennale/VI/Tesi/final_thesis/reconstructed/reco_C_3.csv
92,3,3,1.0,3,/home/luca/Uni/Triennale/VI/Tesi/final_thesis/reconstructed/reco_C_3.csv
93,3,1,0.3333333333333333,3,/home/luca/Uni/Triennale/VI/Tesi/final_thesis/reconstructed/reco_C_3.csv
94,3,2,0.6666666666666666,3,/home/luca/Uni/Triennale/VI/Tesi/final_thesis/reconstructed/reco_C_3.csv
95,3,1,0.3333333333333333,3,/home/luca/Uni/Triennale/VI/Tesi/final_thesis/reconstructed/reco_C_3.csv
96,3,2,0.6666666666666666,3,/home/luca/Uni/Triennale/VI/Tesi/final_thesis/reconstructed/reco_C_3.csv
97,3,3,1.0,3,/home/luca/Uni/Triennale/VI/Tesi/final_thesis/reconstructed/reco_C_3.csv
98,3,3,1.0,3,/home/luca/Uni/Triennale/VI/Tesi/final_thesis/reconstructed/reco_C_3.csv
99,3,2,0.6666666666666666,3,/home/luca/Uni/Triennale/VI/Tesi/final_thesis/reconstructed/reco_C_3.csv
0,4,3,0.75,4,/home/luca/Uni/Triennale/VI/Tesi/final_thesis/reconstructed/reco_C_4.csv
1,4,4,1.0,4,/home/luca/Uni/Triennale/VI/Tesi/final_thesis/reconstructed/reco_C_4.csv
2,4,4,1.0,4,/home/luca/Uni/Triennale/VI/Tesi/final_thesis/reconstructed/reco_C_4.csv
3,4,4,1.0,4,/home/luca/Uni/Triennale/VI/Tesi/final_thesis/reconstructed/reco_C_4.csv
4,4,4,1.0,4,/home/luca/Uni/Triennale/VI/Tesi/final_thesis/reconstructed/reco_C_4.csv
5,4,3,0.75,4,/home/luca/Uni/Triennale/VI/Tesi/final_thesis/reconstructed/reco_C_4.csv
6,4,4,1.0,4,/home/luca/Uni/Triennale/VI/Tesi/final_thesis/reconstructed/reco_C_4.csv
7,4,3,0.75,4,/home/luca/Uni/Triennale/VI/Tesi/final_thesis/reconstructed/reco_C_4.csv
8,4,4,1.0,4,/home/luca/Uni/Triennale/VI/Tesi/final_thesis/reconstructed/reco_C_4.csv
9,4,1,0.25,4,/home/luca/Uni/Triennale/VI/Tesi/final_thesis/reconstructed/reco_C_4.csv
10,4,3,0.75,4,/home/luca/Uni/Triennale/VI/Tesi/final_thesis/reconstructed/reco_C_4.csv
11,4,4,1.0,4,/home/luca/Uni/Triennale/VI/Tesi/final_thesis/reconstructed/reco_C_4.csv
12,4,3,0.75,4,/home/luca/Uni/Triennale/VI/Tesi/final_thesis/reconstructed/reco_C_4.csv
13,4,3,0.75,4,/home/luca/Uni/Triennale/VI/Tesi/final_thesis/reconstructed/reco_C_4.csv
14,4,3,0.75,4,/home/luca/Uni/Triennale/VI/Tesi/final_thesis/reconstructed/reco_C_4.csv
15,4,4,1.0,4,/home/luca/Uni/Triennale/VI/Tesi/final_thesis/reconstructed/reco_C_4.csv
16,4,3,0.75,4,/home/luca/Uni/Triennale/VI/Tesi/final_thesis/reconstructed/reco_C_4.csv
17,4,3,0.75,4,/home/luca/Uni/Triennale/VI/Tesi/final_thesis/reconstructed/reco_C_4.csv
18,4,4,1.0,4,/home/luca/Uni/Triennale/VI/Tesi/final_thesis/reconstructed/reco_C_4.csv
19,4,3,0.75,4,/home/luca/Uni/Triennale/VI/Tesi/final_thesis/reconstructed/reco_C_4.csv
20,4,3,0.75,4,/home/luca/Uni/Triennale/VI/Tesi/final_thesis/reconstructed/reco_C_4.csv
21,4,4,1.0,4,/home/luca/Uni/Triennale/VI/Tesi/final_thesis/reconstructed/reco_C_4.csv
22,4,4,1.0,4,/home/luca/Uni/Triennale/VI/Tesi/final_thesis/reconstructed/reco_C_4.csv
23,4,3,0.75,4,/home/luca/Uni/Triennale/VI/Tesi/final_thesis/reconstructed/reco_C_4.csv
24,4,4,1.0,4,/home/luca/Uni/Triennale/VI/Tesi/final_thesis/reconstructed/reco_C_4.csv
25,4,3,0.75,4,/home/luca/Uni/Triennale/VI/Tesi/final_thesis/reconstructed/reco_C_4.csv
26,4,2,0.5,4,/home/luca/Uni/Triennale/VI/Tesi/final_thesis/reconstructed/reco_C_4.csv
27,4,4,1.0,4,/home/luca/Uni/Triennale/VI/Tesi/final_thesis/reconstructed/reco_C_4.csv
28,4,3,0.75,4,/home/luca/Uni/Triennale/VI/Tesi/final_thesis/reconstructed/reco_C_4.csv
29,4,4,1.0,4,/home/luca/Uni/Triennale/VI/Tesi/final_thesis/reconstructed/reco_C_4.csv
30,4,4,1.0,4,/home/luca/Uni/Triennale/VI/Tesi/final_thesis/reconstructed/reco_C_4.csv
31,4,4,1.0,4,/home/luca/Uni/Triennale/VI/Tesi/final_thesis/reconstructed/reco_C_4.csv
32,4,2,0.5,4,/home/luca/Uni/Triennale/VI/Tesi/final_thesis/reconstructed/reco_C_4.csv
33,4,2,0.5,4,/home/luca/Uni/Triennale/VI/Tesi/final_thesis/reconstructed/reco_C_4.csv
34,4,3,0.75,4,/home/luca/Uni/Triennale/VI/Tesi/final_thesis/reconstructed/reco_C_4.csv
35,4,4,1.0,4,/home/luca/Uni/Triennale/VI/Tesi/final_thesis/reconstructed/reco_C_4.csv
36,4,4,1.0,4,/home/luca/Uni/Triennale/VI/Tesi/final_thesis/reconstructed/reco_C_4.csv
37,4,4,1.0,4,/home/luca/Uni/Triennale/VI/Tesi/final_thesis/reconstructed/reco_C_4.csv
38,4,3,0.75,4,/home/luca/Uni/Triennale/VI/Tesi/final_thesis/reconstructed/reco_C_4.csv
39,4,4,1.0,4,/home/luca/Uni/Triennale/VI/Tesi/final_thesis/reconstructed/reco_C_4.csv
40,4,3,0.75,4,/home/luca/Uni/Triennale/VI/Tesi/final_thesis/reconstructed/reco_C_4.csv
41,4,4,1.0,4,/home/luca/Uni/Triennale/VI/Tesi/final_thesis/reconstructed/reco_C_4.csv
42,4,3,0.75,4,/home/luca/Uni/Triennale/VI/Tesi/final_thesis/reconstructed/reco_C_4.csv
43,4,4,1.0,4,/home/luca/Uni/Triennale/VI/Tesi/final_thesis/reconstructed/reco_C_4.csv
44,4,4,1.0,4,/home/luca/Uni/Triennale/VI/Tesi/final_thesis/reconstructed/reco_C_4.csv
45,4,4,1.0,4,/home/luca/Uni/Triennale/VI/Tesi/final_thesis/reconstructed/reco_C_4.csv
46,4,3,0.75,4,/home/luca/Uni/Triennale/VI/Tesi/final_thesis/reconstructed/reco_C_4.csv
47,4,4,1.0,4,/home/luca/Uni/Triennale/VI/Tesi/final_thesis/reconstructed/reco_C_4.csv
48,4,3,0.75,4,/home/luca/Uni/Triennale/VI/Tesi/final_thesis/reconstructed/reco_C_4.csv
49,4,4,1.0,4,/home/luca/Uni/Triennale/VI/Tesi/final_thesis/reconstructed/reco_C_4.csv
50,4,4,1.0,4,/home/luca/Uni/Triennale/VI/Tesi/final_thesis/reconstructed/reco_C_4.csv
51,4,4,1.0,4,/home/luca/Uni/Triennale/VI/Tesi/final_thesis/reconstructed/reco_C_4.csv
52,4,3,0.75,4,/home/luca/Uni/Triennale/VI/Tesi/final_thesis/reconstructed/reco_C_4.csv
53,4,4,1.0,4,/home/luca/Uni/Triennale/VI/Tesi/final_thesis/reconstructed/reco_C_4.csv
54,4,4,1.0,4,/home/luca/Uni/Triennale/VI/Tesi/final_thesis/reconstructed/reco_C_4.csv
55,4,4,1.0,4,/home/luca/Uni/Triennale/VI/Tesi/final_thesis/reconstructed/reco_C_4.csv
56,4,4,1.0,4,/home/luca/Uni/Triennale/VI/Tesi/final_thesis/reconstructed/reco_C_4.csv
57,4,4,1.0,4,/home/luca/Uni/Triennale/VI/Tesi/final_thesis/reconstructed/reco_C_4.csv
58,4,3,0.75,4,/home/luca/Uni/Triennale/VI/Tesi/final_thesis/reconstructed/reco_C_4.csv
59,4,3,0.75,4,/home/luca/Uni/Triennale/VI/Tesi/final_thesis/reconstructed/reco_C_4.csv
60,4,4,1.0,4,/home/luca/Uni/Triennale/VI/Tesi/final_thesis/reconstructed/reco_C_4.csv
61,4,4,1.0,4,/home/luca/Uni/Triennale/VI/Tesi/final_thesis/reconstructed/reco_C_4.csv
62,4,4,1.0,4,/home/luca/Uni/Triennale/VI/Tesi/final_thesis/reconstructed/reco_C_4.csv
63,4,4,1.0,4,/home/luca/Uni/Triennale/VI/Tesi/final_thesis/reconstructed/reco_C_4.csv
64,4,3,0.75,4,/home/luca/Uni/Triennale/VI/Tesi/final_thesis/reconstructed/reco_C_4.csv
65,4,4,1.0,4,/home/luca/Uni/Triennale/VI/Tesi/final_thesis/reconstructed/reco_C_4.csv
66,4,4,1.0,4,/home/luca/Uni/Triennale/VI/Tesi/final_thesis/reconstructed/reco_C_4.csv
67,4,4,1.0,4,/home/luca/Uni/Triennale/VI/Tesi/final_thesis/reconstructed/reco_C_4.csv
68,4,4,1.0,4,/home/luca/Uni/Triennale/VI/Tesi/final_thesis/reconstructed/reco_C_4.csv
69,4,3,0.75,4,/home/luca/Uni/Triennale/VI/Tesi/final_thesis/reconstructed/reco_C_4.csv
70,4,3,0.75,4,/home/luca/Uni/Triennale/VI/Tesi/final_thesis/reconstructed/reco_C_4.csv
71,4,4,1.0,4,/home/luca/Uni/Triennale/VI/Tesi/final_thesis/reconstructed/reco_C_4.csv
72,4,4,1.0,4,/home/luca/Uni/Triennale/VI/Tesi/final_thesis/reconstructed/reco_C_4.csv
73,4,2,0.5,4,/home/luca/Uni/Triennale/VI/Tesi/final_thesis/reconstructed/reco_C_4.csv
74,4,3,0.75,4,/home/luca/Uni/Triennale/VI/Tesi/final_thesis/reconstructed/reco_C_4.csv
75,4,3,0.75,4,/home/luca/Uni/Triennale/VI/Tesi/final_thesis/reconstructed/reco_C_4.csv
76,4,3,0.75,4,/home/luca/Uni/Triennale/VI/Tesi/final_thesis/reconstructed/reco_C_4.csv
77,4,2,0.5,4,/home/luca/Uni/Triennale/VI/Tesi/final_thesis/reconstructed/reco_C_4.csv
78,4,4,1.0,4,/home/luca/Uni/Triennale/VI/Tesi/final_thesis/reconstructed/reco_C_4.csv
79,4,4,1.0,4,/home/luca/Uni/Triennale/VI/Tesi/final_thesis/reconstructed/reco_C_4.csv
80,4,4,1.0,4,/home/luca/Uni/Triennale/VI/Tesi/final_thesis/reconstructed/reco_C_4.csv
81,4,4,1.0,4,/home/luca/Uni/Triennale/VI/Tesi/final_thesis/reconstructed/reco_C_4.csv
82,4,4,1.0,4,/home/luca/Uni/Triennale/VI/Tesi/final_thesis/reconstructed/reco_C_4.csv
83,4,4,1.0,4,/home/luca/Uni/Triennale/VI/Tesi/final_thesis/reconstructed/reco_C_4.csv
84,4,4,1.0,4,/home/luca/Uni/Triennale/VI/Tesi/final_thesis/reconstructed/reco_C_4.csv
85,4,4,1.0,4,/home/luca/Uni/Triennale/VI/Tesi/final_thesis/reconstructed/reco_C_4.csv
86,4,4,1.0,4,/home/luca/Uni/Triennale/VI/Tesi/final_thesis/reconstructed/reco_C_4.csv
87,4,3,0.75,4,/home/luca/Uni/Triennale/VI/Tesi/final_thesis/reconstructed/reco_C_4.csv
88,4,4,1.0,4,/home/luca/Uni/Triennale/VI/Tesi/final_thesis/reconstructed/reco_C_4.csv
89,4,4,1.0,4,/home/luca/Uni/Triennale/VI/Tesi/final_thesis/reconstructed/reco_C_4.csv
90,4,4,1.0,4,/home/luca/Uni/Triennale/VI/Tesi/final_thesis/reconstructed/reco_C_4.csv
91,4,2,0.5,4,/home/luca/Uni/Triennale/VI/Tesi/final_thesis/reconstructed/reco_C_4.csv
92,4,4,1.0,4,/home/luca/Uni/Triennale/VI/Tesi/final_thesis/reconstructed/reco_C_4.csv
93,4,3,0.75,4,/home/luca/Uni/Triennale/VI/Tesi/final_thesis/reconstructed/reco_C_4.csv
94,4,4,1.0,4,/home/luca/Uni/Triennale/VI/Tesi/final_thesis/reconstructed/reco_C_4.csv
95,4,3,0.75,4,/home/luca/Uni/Triennale/VI/Tesi/final_thesis/reconstructed/reco_C_4.csv
96,4,2,0.5,4,/home/luca/Uni/Triennale/VI/Tesi/final_thesis/reconstructed/reco_C_4.csv
97,4,3,0.75,4,/home/luca/Uni/Triennale/VI/Tesi/final_thesis/reconstructed/reco_C_4.csv
98,4,4,1.0,4,/home/luca/Uni/Triennale/VI/Tesi/final_thesis/reconstructed/reco_C_4.csv
99,4,4,1.0,4,/home/luca/Uni/Triennale/VI/Tesi/final_thesis/reconstructed/reco_C_4.csv
0,5,5,1.0,5,/home/luca/Uni/Triennale/VI/Tesi/final_thesis/reconstructed/reco_C_5.csv
1,5,5,1.0,5,/home/luca/Uni/Triennale/VI/Tesi/final_thesis/reconstructed/reco_C_5.csv
2,5,5,1.0,5,/home/luca/Uni/Triennale/VI/Tesi/final_thesis/reconstructed/reco_C_5.csv
3,5,5,1.0,5,/home/luca/Uni/Triennale/VI/Tesi/final_thesis/reconstructed/reco_C_5.csv
4,5,5,1.0,5,/home/luca/Uni/Triennale/VI/Tesi/final_thesis/reconstructed/reco_C_5.csv
5,5,5,1.0,5,/home/luca/Uni/Triennale/VI/Tesi/final_thesis/reconstructed/reco_C_5.csv
6,5,5,1.0,5,/home/luca/Uni/Triennale/VI/Tesi/final_thesis/reconstructed/reco_C_5.csv
7,5,4,0.8,5,/home/luca/Uni/Triennale/VI/Tesi/final_thesis/reconstructed/reco_C_5.csv
8,5,5,1.0,5,/home/luca/Uni/Triennale/VI/Tesi/final_thesis/reconstructed/reco_C_5.csv
9,5,4,0.8,5,/home/luca/Uni/Triennale/VI/Tesi/final_thesis/reconstructed/reco_C_5.csv
10,5,4,0.8,5,/home/luca/Uni/Triennale/VI/Tesi/final_thesis/reconstructed/reco_C_5.csv
11,5,5,1.0,5,/home/luca/Uni/Triennale/VI/Tesi/final_thesis/reconstructed/reco_C_5.csv
12,5,5,1.0,5,/home/luca/Uni/Triennale/VI/Tesi/final_thesis/reconstructed/reco_C_5.csv
13,5,4,0.8,5,/home/luca/Uni/Triennale/VI/Tesi/final_thesis/reconstructed/reco_C_5.csv
14,5,4,0.8,5,/home/luca/Uni/Triennale/VI/Tesi/final_thesis/reconstructed/reco_C_5.csv
15,5,4,0.8,5,/home/luca/Uni/Triennale/VI/Tesi/final_thesis/reconstructed/reco_C_5.csv
16,5,4,0.8,5,/home/luca/Uni/Triennale/VI/Tesi/final_thesis/reconstructed/reco_C_5.csv
17,5,5,1.0,5,/home/luca/Uni/Triennale/VI/Tesi/final_thesis/reconstructed/reco_C_5.csv
18,5,5,1.0,5,/home/luca/Uni/Triennale/VI/Tesi/final_thesis/reconstructed/reco_C_5.csv
19,5,4,0.8,5,/home/luca/Uni/Triennale/VI/Tesi/final_thesis/reconstructed/reco_C_5.csv
20,5,4,0.8,5,/home/luca/Uni/Triennale/VI/Tesi/final_thesis/reconstructed/reco_C_5.csv
21,5,5,1.0,5,/home/luca/Uni/Triennale/VI/Tesi/final_thesis/reconstructed/reco_C_5.csv
22,5,4,0.8,5,/home/luca/Uni/Triennale/VI/Tesi/final_thesis/reconstructed/reco_C_5.csv
23,5,4,0.8,5,/home/luca/Uni/Triennale/VI/Tesi/final_thesis/reconstructed/reco_C_5.csv
24,5,5,1.0,5,/home/luca/Uni/Triennale/VI/Tesi/final_thesis/reconstructed/reco_C_5.csv
25,5,3,0.6,5,/home/luca/Uni/Triennale/VI/Tesi/final_thesis/reconstructed/reco_C_5.csv
26,5,5,1.0,5,/home/luca/Uni/Triennale/VI/Tesi/final_thesis/reconstructed/reco_C_5.csv
27,5,4,0.8,5,/home/luca/Uni/Triennale/VI/Tesi/final_thesis/reconstructed/reco_C_5.csv
28,5,4,0.8,5,/home/luca/Uni/Triennale/VI/Tesi/final_thesis/reconstructed/reco_C_5.csv
29,5,4,0.8,5,/home/luca/Uni/Triennale/VI/Tesi/final_thesis/reconstructed/reco_C_5.csv
30,5,4,0.8,5,/home/luca/Uni/Triennale/VI/Tesi/final_thesis/reconstructed/reco_C_5.csv
31,5,5,1.0,5,/home/luca/Uni/Triennale/VI/Tesi/final_thesis/reconstructed/reco_C_5.csv
32,5,3,0.6,5,/home/luca/Uni/Triennale/VI/Tesi/final_thesis/reconstructed/reco_C_5.csv
33,5,5,1.0,5,/home/luca/Uni/Triennale/VI/Tesi/final_thesis/reconstructed/reco_C_5.csv
34,5,5,1.0,5,/home/luca/Uni/Triennale/VI/Tesi/final_thesis/reconstructed/reco_C_5.csv
35,5,5,1.0,5,/home/luca/Uni/Triennale/VI/Tesi/final_thesis/reconstructed/reco_C_5.csv
36,5,4,0.8,5,/home/luca/Uni/Triennale/VI/Tesi/final_thesis/reconstructed/reco_C_5.csv
37,5,4,0.8,5,/home/luca/Uni/Triennale/VI/Tesi/final_thesis/reconstructed/reco_C_5.csv
38,5,5,1.0,5,/home/luca/Uni/Triennale/VI/Tesi/final_thesis/reconstructed/reco_C_5.csv
39,5,4,0.8,5,/home/luca/Uni/Triennale/VI/Tesi/final_thesis/reconstructed/reco_C_5.csv
40,5,5,1.0,5,/home/luca/Uni/Triennale/VI/Tesi/final_thesis/reconstructed/reco_C_5.csv
41,5,5,1.0,5,/home/luca/Uni/Triennale/VI/Tesi/final_thesis/reconstructed/reco_C_5.csv
42,5,4,0.8,5,/home/luca/Uni/Triennale/VI/Tesi/final_thesis/reconstructed/reco_C_5.csv
43,5,4,0.8,5,/home/luca/Uni/Triennale/VI/Tesi/final_thesis/reconstructed/reco_C_5.csv
44,5,5,1.0,5,/home/luca/Uni/Triennale/VI/Tesi/final_thesis/reconstructed/reco_C_5.csv
45,5,5,1.0,5,/home/luca/Uni/Triennale/VI/Tesi/final_thesis/reconstructed/reco_C_5.csv
46,5,5,1.0,5,/home/luca/Uni/Triennale/VI/Tesi/final_thesis/reconstructed/reco_C_5.csv
47,5,4,0.8,5,/home/luca/Uni/Triennale/VI/Tesi/final_thesis/reconstructed/reco_C_5.csv
48,5,4,0.8,5,/home/luca/Uni/Triennale/VI/Tesi/final_thesis/reconstructed/reco_C_5.csv
49,5,4,0.8,5,/home/luca/Uni/Triennale/VI/Tesi/final_thesis/reconstructed/reco_C_5.csv
50,5,5,1.0,5,/home/luca/Uni/Triennale/VI/Tesi/final_thesis/reconstructed/reco_C_5.csv
51,5,4,0.8,5,/home/luca/Uni/Triennale/VI/Tesi/final_thesis/reconstructed/reco_C_5.csv
52,5,5,1.0,5,/home/luca/Uni/Triennale/VI/Tesi/final_thesis/reconstructed/reco_C_5.csv
53,5,5,1.0,5,/home/luca/Uni/Triennale/VI/Tesi/final_thesis/reconstructed/reco_C_5.csv
54,5,5,1.0,5,/home/luca/Uni/Triennale/VI/Tesi/final_thesis/reconstructed/reco_C_5.csv
55,5,4,0.8,5,/home/luca/Uni/Triennale/VI/Tesi/final_thesis/reconstructed/reco_C_5.csv
56,5,5,1.0,5,/home/luca/Uni/Triennale/VI/Tesi/final_thesis/reconstructed/reco_C_5.csv
57,5,5,1.0,5,/home/luca/Uni/Triennale/VI/Tesi/final_thesis/reconstructed/reco_C_5.csv
58,5,5,1.0,5,/home/luca/Uni/Triennale/VI/Tesi/final_thesis/reconstructed/reco_C_5.csv
59,5,4,0.8,5,/home/luca/Uni/Triennale/VI/Tesi/final_thesis/reconstructed/reco_C_5.csv
60,5,2,0.4,5,/home/luca/Uni/Triennale/VI/Tesi/final_thesis/reconstructed/reco_C_5.csv
61,5,5,1.0,5,/home/luca/Uni/Triennale/VI/Tesi/final_thesis/reconstructed/reco_C_5.csv
62,5,5,1.0,5,/home/luca/Uni/Triennale/VI/Tesi/final_thesis/reconstructed/reco_C_5.csv
63,5,5,1.0,5,/home/luca/Uni/Triennale/VI/Tesi/final_thesis/reconstructed/reco_C_5.csv
64,5,4,0.8,5,/home/luca/Uni/Triennale/VI/Tesi/final_thesis/reconstructed/reco_C_5.csv
65,5,5,1.0,5,/home/luca/Uni/Triennale/VI/Tesi/final_thesis/reconstructed/reco_C_5.csv
66,5,4,0.8,5,/home/luca/Uni/Triennale/VI/Tesi/final_thesis/reconstructed/reco_C_5.csv
67,5,5,1.0,5,/home/luca/Uni/Triennale/VI/Tesi/final_thesis/reconstructed/reco_C_5.csv
68,5,3,0.6,5,/home/luca/Uni/Triennale/VI/Tesi/final_thesis/reconstructed/reco_C_5.csv
69,5,4,0.8,5,/home/luca/Uni/Triennale/VI/Tesi/final_thesis/reconstructed/reco_C_5.csv
70,5,5,1.0,5,/home/luca/Uni/Triennale/VI/Tesi/final_thesis/reconstructed/reco_C_5.csv
71,5,3,0.6,5,/home/luca/Uni/Triennale/VI/Tesi/final_thesis/reconstructed/reco_C_5.csv
72,5,4,0.8,5,/home/luca/Uni/Triennale/VI/Tesi/final_thesis/reconstructed/reco_C_5.csv
73,5,5,1.0,5,/home/luca/Uni/Triennale/VI/Tesi/final_thesis/reconstructed/reco_C_5.csv
74,5,5,1.0,5,/home/luca/Uni/Triennale/VI/Tesi/final_thesis/reconstructed/reco_C_5.csv
75,5,5,1.0,5,/home/luca/Uni/Triennale/VI/Tesi/final_thesis/reconstructed/reco_C_5.csv
76,5,4,0.8,5,/home/luca/Uni/Triennale/VI/Tesi/final_thesis/reconstructed/reco_C_5.csv
77,5,3,0.6,5,/home/luca/Uni/Triennale/VI/Tesi/final_thesis/reconstructed/reco_C_5.csv
78,5,4,0.8,5,/home/luca/Uni/Triennale/VI/Tesi/final_thesis/reconstructed/reco_C_5.csv
79,5,4,0.8,5,/home/luca/Uni/Triennale/VI/Tesi/final_thesis/reconstructed/reco_C_5.csv
80,5,5,1.0,5,/home/luca/Uni/Triennale/VI/Tesi/final_thesis/reconstructed/reco_C_5.csv
81,5,3,0.6,5,/home/luca/Uni/Triennale/VI/Tesi/final_thesis/reconstructed/reco_C_5.csv
82,5,4,0.8,5,/home/luca/Uni/Triennale/VI/Tesi/final_thesis/reconstructed/reco_C_5.csv
83,5,5,1.0,5,/home/luca/Uni/Triennale/VI/Tesi/final_thesis/reconstructed/reco_C_5.csv
84,5,5,1.0,5,/home/luca/Uni/Triennale/VI/Tesi/final_thesis/reconstructed/reco_C_5.csv
85,5,4,0.8,5,/home/luca/Uni/Triennale/VI/Tesi/final_thesis/reconstructed/reco_C_5.csv
86,5,5,1.0,5,/home/luca/Uni/Triennale/VI/Tesi/final_thesis/reconstructed/reco_C_5.csv
87,5,3,0.6,5,/home/luca/Uni/Triennale/VI/Tesi/final_thesis/reconstructed/reco_C_5.csv
88,5,3,0.6,5,/home/luca/Uni/Triennale/VI/Tesi/final_thesis/reconstructed/reco_C_5.csv
89,5,5,1.0,5,/home/luca/Uni/Triennale/VI/Tesi/final_thesis/reconstructed/reco_C_5.csv
90,5,5,1.0,5,/home/luca/Uni/Triennale/VI/Tesi/final_thesis/reconstructed/reco_C_5.csv
91,5,5,1.0,5,/home/luca/Uni/Triennale/VI/Tesi/final_thesis/reconstructed/reco_C_5.csv
92,5,5,1.0,5,/home/luca/Uni/Triennale/VI/Tesi/final_thesis/reconstructed/reco_C_5.csv
93,5,4,0.8,5,/home/luca/Uni/Triennale/VI/Tesi/final_thesis/reconstructed/reco_C_5.csv
94,5,4,0.8,5,/home/luca/Uni/Triennale/VI/Tesi/final_thesis/reconstructed/reco_C_5.csv
95,5,5,1.0,5,/home/luca/Uni/Triennale/VI/Tesi/final_thesis/reconstructed/reco_C_5.csv
96,5,4,0.8,5,/home/luca/Uni/Triennale/VI/Tesi/final_thesis/reconstructed/reco_C_5.csv
97,5,5,1.0,5,/home/luca/Uni/Triennale/VI/Tesi/final_thesis/reconstructed/reco_C_5.csv
98,5,2,0.4,5,/home/luca/Uni/Triennale/VI/Tesi/final_thesis/reconstructed/reco_C_5.csv
99,5,5,1.0,5,/home/luca/Uni/Triennale/VI/Tesi/final_thesis/reconstructed/reco_C_5.csv
0,6,6,1.0,6,/home/luca/Uni/Triennale/VI/Tesi/final_thesis/reconstructed/reco_C_6.csv
1,6,6,1.0,6,/home/luca/Uni/Triennale/VI/Tesi/final_thesis/reconstructed/reco_C_6.csv
2,6,4,0.6666666666666666,6,/home/luca/Uni/Triennale/VI/Tesi/final_thesis/reconstructed/reco_C_6.csv
3,6,6,1.0,6,/home/luca/Uni/Triennale/VI/Tesi/final_thesis/reconstructed/reco_C_6.csv
4,6,6,1.0,6,/home/luca/Uni/Triennale/VI/Tesi/final_thesis/reconstructed/reco_C_6.csv
5,6,6,1.0,6,/home/luca/Uni/Triennale/VI/Tesi/final_thesis/reconstructed/reco_C_6.csv
6,6,6,1.0,6,/home/luca/Uni/Triennale/VI/Tesi/final_thesis/reconstructed/reco_C_6.csv
7,6,6,1.0,6,/home/luca/Uni/Triennale/VI/Tesi/final_thesis/reconstructed/reco_C_6.csv
8,6,5,0.8333333333333334,6,/home/luca/Uni/Triennale/VI/Tesi/final_thesis/reconstructed/reco_C_6.csv
9,6,4,0.6666666666666666,6,/home/luca/Uni/Triennale/VI/Tesi/final_thesis/reconstructed/reco_C_6.csv
10,6,4,0.6666666666666666,6,/home/luca/Uni/Triennale/VI/Tesi/final_thesis/reconstructed/reco_C_6.csv
11,6,6,1.0,6,/home/luca/Uni/Triennale/VI/Tesi/final_thesis/reconstructed/reco_C_6.csv
12,6,4,0.6666666666666666,6,/home/luca/Uni/Triennale/VI/Tesi/final_thesis/reconstructed/reco_C_6.csv
13,6,5,0.8333333333333334,6,/home/luca/Uni/Triennale/VI/Tesi/final_thesis/reconstructed/reco_C_6.csv
14,6,4,0.6666666666666666,6,/home/luca/Uni/Triennale/VI/Tesi/final_thesis/reconstructed/reco_C_6.csv
15,6,6,1.0,6,/home/luca/Uni/Triennale/VI/Tesi/final_thesis/reconstructed/reco_C_6.csv
16,6,5,0.8333333333333334,6,/home/luca/Uni/Triennale/VI/Tesi/final_thesis/reconstructed/reco_C_6.csv
17,6,4,0.6666666666666666,6,/home/luca/Uni/Triennale/VI/Tesi/final_thesis/reconstructed/reco_C_6.csv
18,6,6,1.0,6,/home/luca/Uni/Triennale/VI/Tesi/final_thesis/reconstructed/reco_C_6.csv
19,6,4,0.6666666666666666,6,/home/luca/Uni/Triennale/VI/Tesi/final_thesis/reconstructed/reco_C_6.csv
20,6,4,0.6666666666666666,6,/home/luca/Uni/Triennale/VI/Tesi/final_thesis/reconstructed/reco_C_6.csv
21,6,5,0.8333333333333334,6,/home/luca/Uni/Triennale/VI/Tesi/final_thesis/reconstructed/reco_C_6.csv
22,6,4,0.6666666666666666,6,/home/luca/Uni/Triennale/VI/Tesi/final_thesis/reconstructed/reco_C_6.csv
23,6,6,1.0,6,/home/luca/Uni/Triennale/VI/Tesi/final_thesis/reconstructed/reco_C_6.csv
24,6,6,1.0,6,/home/luca/Uni/Triennale/VI/Tesi/final_thesis/reconstructed/reco_C_6.csv
25,6,6,1.0,6,/home/luca/Uni/Triennale/VI/Tesi/final_thesis/reconstructed/reco_C_6.csv
26,6,4,0.6666666666666666,6,/home/luca/Uni/Triennale/VI/Tesi/final_thesis/reconstructed/reco_C_6.csv
27,6,6,1.0,6,/home/luca/Uni/Triennale/VI/Tesi/final_thesis/reconstructed/reco_C_6.csv
28,6,6,1.0,6,/home/luca/Uni/Triennale/VI/Tesi/final_thesis/reconstructed/reco_C_6.csv
29,6,5,0.8333333333333334,6,/home/luca/Uni/Triennale/VI/Tesi/final_thesis/reconstructed/reco_C_6.csv
30,6,5,0.8333333333333334,6,/home/luca/Uni/Triennale/VI/Tesi/final_thesis/reconstructed/reco_C_6.csv
31,6,5,0.8333333333333334,6,/home/luca/Uni/Triennale/VI/Tesi/final_thesis/reconstructed/reco_C_6.csv
32,6,5,0.8333333333333334,6,/home/luca/Uni/Triennale/VI/Tesi/final_thesis/reconstructed/reco_C_6.csv
33,6,6,1.0,6,/home/luca/Uni/Triennale/VI/Tesi/final_thesis/reconstructed/reco_C_6.csv
34,6,5,0.8333333333333334,6,/home/luca/Uni/Triennale/VI/Tesi/final_thesis/reconstructed/reco_C_6.csv
35,6,5,0.8333333333333334,6,/home/luca/Uni/Triennale/VI/Tesi/final_thesis/reconstructed/reco_C_6.csv
36,6,4,0.6666666666666666,6,/home/luca/Uni/Triennale/VI/Tesi/final_thesis/reconstructed/reco_C_6.csv
37,6,5,0.8333333333333334,6,/home/luca/Uni/Triennale/VI/Tesi/final_thesis/reconstructed/reco_C_6.csv
38,6,6,1.0,6,/home/luca/Uni/Triennale/VI/Tesi/final_thesis/reconstructed/reco_C_6.csv
39,6,5,0.8333333333333334,6,/home/luca/Uni/Triennale/VI/Tesi/final_thesis/reconstructed/reco_C_6.csv
40,6,4,0.6666666666666666,6,/home/luca/Uni/Triennale/VI/Tesi/final_thesis/reconstructed/reco_C_6.csv
41,6,4,0.6666666666666666,6,/home/luca/Uni/Triennale/VI/Tesi/final_thesis/reconstructed/reco_C_6.csv
42,6,5,0.8333333333333334,6,/home/luca/Uni/Triennale/VI/Tesi/final_thesis/reconstructed/reco_C_6.csv
43,6,6,1.0,6,/home/luca/Uni/Triennale/VI/Tesi/final_thesis/reconstructed/reco_C_6.csv
44,6,5,0.8333333333333334,6,/home/luca/Uni/Triennale/VI/Tesi/final_thesis/reconstructed/reco_C_6.csv
45,6,5,0.8333333333333334,6,/home/luca/Uni/Triennale/VI/Tesi/final_thesis/reconstructed/reco_C_6.csv
46,6,6,1.0,6,/home/luca/Uni/Triennale/VI/Tesi/final_thesis/reconstructed/reco_C_6.csv
47,6,5,0.8333333333333334,6,/home/luca/Uni/Triennale/VI/Tesi/final_thesis/reconstructed/reco_C_6.csv
48,6,6,1.0,6,/home/luca/Uni/Triennale/VI/Tesi/final_thesis/reconstructed/reco_C_6.csv
49,6,6,1.0,6,/home/luca/Uni/Triennale/VI/Tesi/final_thesis/reconstructed/reco_C_6.csv
50,6,4,0.6666666666666666,6,/home/luca/Uni/Triennale/VI/Tesi/final_thesis/reconstructed/reco_C_6.csv
51,6,5,0.8333333333333334,6,/home/luca/Uni/Triennale/VI/Tesi/final_thesis/reconstructed/reco_C_6.csv
52,6,6,1.0,6,/home/luca/Uni/Triennale/VI/Tesi/final_thesis/reconstructed/reco_C_6.csv
53,6,6,1.0,6,/home/luca/Uni/Triennale/VI/Tesi/final_thesis/reconstructed/reco_C_6.csv
54,6,6,1.0,6,/home/luca/Uni/Triennale/VI/Tesi/final_thesis/reconstructed/reco_C_6.csv
55,6,5,0.8333333333333334,6,/home/luca/Uni/Triennale/VI/Tesi/final_thesis/reconstructed/reco_C_6.csv
56,6,4,0.6666666666666666,6,/home/luca/Uni/Triennale/VI/Tesi/final_thesis/reconstructed/reco_C_6.csv
57,6,5,0.8333333333333334,6,/home/luca/Uni/Triennale/VI/Tesi/final_thesis/reconstructed/reco_C_6.csv
58,6,4,0.6666666666666666,6,/home/luca/Uni/Triennale/VI/Tesi/final_thesis/reconstructed/reco_C_6.csv
59,6,6,1.0,6,/home/luca/Uni/Triennale/VI/Tesi/final_thesis/reconstructed/reco_C_6.csv
60,6,5,0.8333333333333334,6,/home/luca/Uni/Triennale/VI/Tesi/final_thesis/reconstructed/reco_C_6.csv
61,6,6,1.0,6,/home/luca/Uni/Triennale/VI/Tesi/final_thesis/reconstructed/reco_C_6.csv
62,6,5,0.8333333333333334,6,/home/luca/Uni/Triennale/VI/Tesi/final_thesis/reconstructed/reco_C_6.csv
63,6,6,1.0,6,/home/luca/Uni/Triennale/VI/Tesi/final_thesis/reconstructed/reco_C_6.csv
64,6,4,0.6666666666666666,6,/home/luca/Uni/Triennale/VI/Tesi/final_thesis/reconstructed/reco_C_6.csv
65,6,5,0.8333333333333334,6,/home/luca/Uni/Triennale/VI/Tesi/final_thesis/reconstructed/reco_C_6.csv
66,6,6,1.0,6,/home/luca/Uni/Triennale/VI/Tesi/final_thesis/reconstructed/reco_C_6.csv
67,6,6,1.0,6,/home/luca/Uni/Triennale/VI/Tesi/final_thesis/reconstructed/reco_C_6.csv
68,6,5,0.8333333333333334,6,/home/luca/Uni/Triennale/VI/Tesi/final_thesis/reconstructed/reco_C_6.csv
69,6,6,1.0,6,/home/luca/Uni/Triennale/VI/Tesi/final_thesis/reconstructed/reco_C_6.csv
70,6,5,0.8333333333333334,6,/home/luca/Uni/Triennale/VI/Tesi/final_thesis/reconstructed/reco_C_6.csv
71,6,5,0.8333333333333334,6,/home/luca/Uni/Triennale/VI/Tesi/final_thesis/reconstructed/reco_C_6.csv
72,6,5,0.8333333333333334,6,/home/luca/Uni/Triennale/VI/Tesi/final_thesis/reconstructed/reco_C_6.csv
73,6,4,0.6666666666666666,6,/home/luca/Uni/Triennale/VI/Tesi/final_thesis/reconstructed/reco_C_6.csv
74,6,5,0.8333333333333334,6,/home/luca/Uni/Triennale/VI/Tesi/final_thesis/reconstructed/reco_C_6.csv
75,6,5,0.8333333333333334,6,/home/luca/Uni/Triennale/VI/Tesi/final_thesis/reconstructed/reco_C_6.csv
76,6,5,0.8333333333333334,6,/home/luca/Uni/Triennale/VI/Tesi/final_thesis/reconstructed/reco_C_6.csv
77,6,5,0.8333333333333334,6,/home/luca/Uni/Triennale/VI/Tesi/final_thesis/reconstructed/reco_C_6.csv
78,6,6,1.0,6,/home/luca/Uni/Triennale/VI/Tesi/final_thesis/reconstructed/reco_C_6.csv
79,6,6,1.0,6,/home/luca/Uni/Triennale/VI/Tesi/final_thesis/reconstructed/reco_C_6.csv
80,6,6,1.0,6,/home/luca/Uni/Triennale/VI/Tesi/final_thesis/reconstructed/reco_C_6.csv
81,6,6,1.0,6,/home/luca/Uni/Triennale/VI/Tesi/final_thesis/reconstructed/reco_C_6.csv
82,6,6,1.0,6,/home/luca/Uni/Triennale/VI/Tesi/final_thesis/reconstructed/reco_C_6.csv
83,6,5,0.8333333333333334,6,/home/luca/Uni/Triennale/VI/Tesi/final_thesis/reconstructed/reco_C_6.csv
84,6,5,0.8333333333333334,6,/home/luca/Uni/Triennale/VI/Tesi/final_thesis/reconstructed/reco_C_6.csv
85,6,6,1.0,6,/home/luca/Uni/Triennale/VI/Tesi/final_thesis/reconstructed/reco_C_6.csv
86,6,4,0.6666666666666666,6,/home/luca/Uni/Triennale/VI/Tesi/final_thesis/reconstructed/reco_C_6.csv
87,6,6,1.0,6,/home/luca/Uni/Triennale/VI/Tesi/final_thesis/reconstructed/reco_C_6.csv
88,6,5,0.8333333333333334,6,/home/luca/Uni/Triennale/VI/Tesi/final_thesis/reconstructed/reco_C_6.csv
89,6,6,1.0,6,/home/luca/Uni/Triennale/VI/Tesi/final_thesis/reconstructed/reco_C_6.csv
90,6,5,0.8333333333333334,6,/home/luca/Uni/Triennale/VI/Tesi/final_thesis/reconstructed/reco_C_6.csv
91,6,6,1.0,6,/home/luca/Uni/Triennale/VI/Tesi/final_thesis/reconstructed/reco_C_6.csv
92,6,4,0.6666666666666666,6,/home/luca/Uni/Triennale/VI/Tesi/final_thesis/reconstructed/reco_C_6.csv
93,6,5,0.8333333333333334,6,/home/luca/Uni/Triennale/VI/Tesi/final_thesis/reconstructed/reco_C_6.csv
94,6,5,0.8333333333333334,6,/home/luca/Uni/Triennale/VI/Tesi/final_thesis/reconstructed/reco_C_6.csv
95,6,6,1.0,6,/home/luca/Uni/Triennale/VI/Tesi/final_thesis/reconstructed/reco_C_6.csv
96,6,4,0.6666666666666666,6,/home/luca/Uni/Triennale/VI/Tesi/final_thesis/reconstructed/reco_C_6.csv
97,6,5,0.8333333333333334,6,/home/luca/Uni/Triennale/VI/Tesi/final_thesis/reconstructed/reco_C_6.csv
98,6,5,0.8333333333333334,6,/home/luca/Uni/Triennale/VI/Tesi/final_thesis/reconstructed/reco_C_6.csv
99,6,6,1.0,6,/home/luca/Uni/Triennale/VI/Tesi/final_thesis/reconstructed/reco_C_6.csv
0,7,7,1.0,7,/home/luca/Uni/Triennale/VI/Tesi/final_thesis/reconstructed/reco_C_7.csv
1,7,4,0.5714285714285714,7,/home/luca/Uni/Triennale/VI/Tesi/final_thesis/reconstructed/reco_C_7.csv
2,7,7,1.0,7,/home/luca/Uni/Triennale/VI/Tesi/final_thesis/reconstructed/reco_C_7.csv
3,7,6,0.8571428571428571,7,/home/luca/Uni/Triennale/VI/Tesi/final_thesis/reconstructed/reco_C_7.csv
4,7,6,0.8571428571428571,7,/home/luca/Uni/Triennale/VI/Tesi/final_thesis/reconstructed/reco_C_7.csv
5,7,5,0.7142857142857143,7,/home/luca/Uni/Triennale/VI/Tesi/final_thesis/reconstructed/reco_C_7.csv
6,7,5,0.7142857142857143,7,/home/luca/Uni/Triennale/VI/Tesi/final_thesis/reconstructed/reco_C_7.csv
7,7,6,0.8571428571428571,7,/home/luca/Uni/Triennale/VI/Tesi/final_thesis/reconstructed/reco_C_7.csv
8,7,5,0.7142857142857143,7,/home/luca/Uni/Triennale/VI/Tesi/final_thesis/reconstructed/reco_C_7.csv
9,7,6,0.8571428571428571,7,/home/luca/Uni/Triennale/VI/Tesi/final_thesis/reconstructed/reco_C_7.csv
10,7,5,0.7142857142857143,7,/home/luca/Uni/Triennale/VI/Tesi/final_thesis/reconstructed/reco_C_7.csv
11,7,5,0.7142857142857143,7,/home/luca/Uni/Triennale/VI/Tesi/final_thesis/reconstructed/reco_C_7.csv
12,7,5,0.7142857142857143,7,/home/luca/Uni/Triennale/VI/Tesi/final_thesis/reconstructed/reco_C_7.csv
13,7,7,1.0,7,/home/luca/Uni/Triennale/VI/Tesi/final_thesis/reconstructed/reco_C_7.csv
14,7,7,1.0,7,/home/luca/Uni/Triennale/VI/Tesi/final_thesis/reconstructed/reco_C_7.csv
15,7,6,0.8571428571428571,7,/home/luca/Uni/Triennale/VI/Tesi/final_thesis/reconstructed/reco_C_7.csv
16,7,7,1.0,7,/home/luca/Uni/Triennale/VI/Tesi/final_thesis/reconstructed/reco_C_7.csv
17,7,6,0.8571428571428571,7,/home/luca/Uni/Triennale/VI/Tesi/final_thesis/reconstructed/reco_C_7.csv
18,7,6,0.8571428571428571,7,/home/luca/Uni/Triennale/VI/Tesi/final_thesis/reconstructed/reco_C_7.csv
19,7,7,1.0,7,/home/luca/Uni/Triennale/VI/Tesi/final_thesis/reconstructed/reco_C_7.csv
20,7,4,0.5714285714285714,7,/home/luca/Uni/Triennale/VI/Tesi/final_thesis/reconstructed/reco_C_7.csv
21,7,6,0.8571428571428571,7,/home/luca/Uni/Triennale/VI/Tesi/final_thesis/reconstructed/reco_C_7.csv
22,7,4,0.5714285714285714,7,/home/luca/Uni/Triennale/VI/Tesi/final_thesis/reconstructed/reco_C_7.csv
23,7,7,1.0,7,/home/luca/Uni/Triennale/VI/Tesi/final_thesis/reconstructed/reco_C_7.csv
24,7,6,0.8571428571428571,7,/home/luca/Uni/Triennale/VI/Tesi/final_thesis/reconstructed/reco_C_7.csv
25,7,6,0.8571428571428571,7,/home/luca/Uni/Triennale/VI/Tesi/final_thesis/reconstructed/reco_C_7.csv
26,7,5,0.7142857142857143,7,/home/luca/Uni/Triennale/VI/Tesi/final_thesis/reconstructed/reco_C_7.csv
27,7,4,0.5714285714285714,7,/home/luca/Uni/Triennale/VI/Tesi/final_thesis/reconstructed/reco_C_7.csv
28,7,5,0.7142857142857143,7,/home/luca/Uni/Triennale/VI/Tesi/final_thesis/reconstructed/reco_C_7.csv
29,7,7,1.0,7,/home/luca/Uni/Triennale/VI/Tesi/final_thesis/reconstructed/reco_C_7.csv
30,7,6,0.8571428571428571,7,/home/luca/Uni/Triennale/VI/Tesi/final_thesis/reconstructed/reco_C_7.csv
31,7,5,0.7142857142857143,7,/home/luca/Uni/Triennale/VI/Tesi/final_thesis/reconstructed/reco_C_7.csv
32,7,6,0.8571428571428571,7,/home/luca/Uni/Triennale/VI/Tesi/final_thesis/reconstructed/reco_C_7.csv
33,7,7,1.0,7,/home/luca/Uni/Triennale/VI/Tesi/final_thesis/reconstructed/reco_C_7.csv
34,7,5,0.7142857142857143,7,/home/luca/Uni/Triennale/VI/Tesi/final_thesis/reconstructed/reco_C_7.csv
35,7,6,0.8571428571428571,7,/home/luca/Uni/Triennale/VI/Tesi/final_thesis/reconstructed/reco_C_7.csv
36,7,7,1.0,7,/home/luca/Uni/Triennale/VI/Tesi/final_thesis/reconstructed/reco_C_7.csv
37,7,7,1.0,7,/home/luca/Uni/Triennale/VI/Tesi/final_thesis/reconstructed/reco_C_7.csv
38,7,6,0.8571428571428571,7,/home/luca/Uni/Triennale/VI/Tesi/final_thesis/reconstructed/reco_C_7.csv
39,7,5,0.7142857142857143,7,/home/luca/Uni/Triennale/VI/Tesi/final_thesis/reconstructed/reco_C_7.csv
40,7,6,0.8571428571428571,7,/home/luca/Uni/Triennale/VI/Tesi/final_thesis/reconstructed/reco_C_7.csv
41,7,7,1.0,7,/home/luca/Uni/Triennale/VI/Tesi/final_thesis/reconstructed/reco_C_7.csv
42,7,7,1.0,7,/home/luca/Uni/Triennale/VI/Tesi/final_thesis/reconstructed/reco_C_7.csv
43,7,7,1.0,7,/home/luca/Uni/Triennale/VI/Tesi/final_thesis/reconstructed/reco_C_7.csv
44,7,7,1.0,7,/home/luca/Uni/Triennale/VI/Tesi/final_thesis/reconstructed/reco_C_7.csv
45,7,6,0.8571428571428571,7,/home/luca/Uni/Triennale/VI/Tesi/final_thesis/reconstructed/reco_C_7.csv
46,7,7,1.0,7,/home/luca/Uni/Triennale/VI/Tesi/final_thesis/reconstructed/reco_C_7.csv
47,7,4,0.5714285714285714,7,/home/luca/Uni/Triennale/VI/Tesi/final_thesis/reconstructed/reco_C_7.csv
48,7,6,0.8571428571428571,7,/home/luca/Uni/Triennale/VI/Tesi/final_thesis/reconstructed/reco_C_7.csv
49,7,7,1.0,7,/home/luca/Uni/Triennale/VI/Tesi/final_thesis/reconstructed/reco_C_7.csv
50,7,6,0.8571428571428571,7,/home/luca/Uni/Triennale/VI/Tesi/final_thesis/reconstructed/reco_C_7.csv
51,7,7,1.0,7,/home/luca/Uni/Triennale/VI/Tesi/final_thesis/reconstructed/reco_C_7.csv
52,7,5,0.7142857142857143,7,/home/luca/Uni/Triennale/VI/Tesi/final_thesis/reconstructed/reco_C_7.csv
53,7,6,0.8571428571428571,7,/home/luca/Uni/Triennale/VI/Tesi/final_thesis/reconstructed/reco_C_7.csv
54,7,7,1.0,7,/home/luca/Uni/Triennale/VI/Tesi/final_thesis/reconstructed/reco_C_7.csv
55,7,7,1.0,7,/home/luca/Uni/Triennale/VI/Tesi/final_thesis/reconstructed/reco_C_7.csv
56,7,7,1.0,7,/home/luca/Uni/Triennale/VI/Tesi/final_thesis/reconstructed/reco_C_7.csv
57,7,7,1.0,7,/home/luca/Uni/Triennale/VI/Tesi/final_thesis/reconstructed/reco_C_7.csv
58,7,6,0.8571428571428571,7,/home/luca/Uni/Triennale/VI/Tesi/final_thesis/reconstructed/reco_C_7.csv
59,7,7,1.0,7,/home/luca/Uni/Triennale/VI/Tesi/final_thesis/reconstructed/reco_C_7.csv
60,7,7,1.0,7,/home/luca/Uni/Triennale/VI/Tesi/final_thesis/reconstructed/reco_C_7.csv
61,7,6,0.8571428571428571,7,/home/luca/Uni/Triennale/VI/Tesi/final_thesis/reconstructed/reco_C_7.csv
62,7,5,0.7142857142857143,7,/home/luca/Uni/Triennale/VI/Tesi/final_thesis/reconstructed/reco_C_7.csv
63,7,7,1.0,7,/home/luca/Uni/Triennale/VI/Tesi/final_thesis/reconstructed/reco_C_7.csv
64,7,5,0.7142857142857143,7,/home/luca/Uni/Triennale/VI/Tesi/final_thesis/reconstructed/reco_C_7.csv
65,7,7,1.0,7,/home/luca/Uni/Triennale/VI/Tesi/final_thesis/reconstructed/reco_C_7.csv
66,7,6,0.8571428571428571,7,/home/luca/Uni/Triennale/VI/Tesi/final_thesis/reconstructed/reco_C_7.csv
67,7,5,0.7142857142857143,7,/home/luca/Uni/Triennale/VI/Tesi/final_thesis/reconstructed/reco_C_7.csv
68,7,5,0.7142857142857143,7,/home/luca/Uni/Triennale/VI/Tesi/final_thesis/reconstructed/reco_C_7.csv
69,7,6,0.8571428571428571,7,/home/luca/Uni/Triennale/VI/Tesi/final_thesis/reconstructed/reco_C_7.csv
70,7,7,1.0,7,/home/luca/Uni/Triennale/VI/Tesi/final_thesis/reconstructed/reco_C_7.csv
71,7,6,0.8571428571428571,7,/home/luca/Uni/Triennale/VI/Tesi/final_thesis/reconstructed/reco_C_7.csv
72,7,5,0.7142857142857143,7,/home/luca/Uni/Triennale/VI/Tesi/final_thesis/reconstructed/reco_C_7.csv
73,7,5,0.7142857142857143,7,/home/luca/Uni/Triennale/VI/Tesi/final_thesis/reconstructed/reco_C_7.csv
74,7,6,0.8571428571428571,7,/home/luca/Uni/Triennale/VI/Tesi/final_thesis/reconstructed/reco_C_7.csv
75,7,6,0.8571428571428571,7,/home/luca/Uni/Triennale/VI/Tesi/final_thesis/reconstructed/reco_C_7.csv
76,7,6,0.8571428571428571,7,/home/luca/Uni/Triennale/VI/Tesi/final_thesis/reconstructed/reco_C_7.csv
77,7,7,1.0,7,/home/luca/Uni/Triennale/VI/Tesi/final_thesis/reconstructed/reco_C_7.csv
78,7,5,0.7142857142857143,7,/home/luca/Uni/Triennale/VI/Tesi/final_thesis/reconstructed/reco_C_7.csv
79,7,6,0.8571428571428571,7,/home/luca/Uni/Triennale/VI/Tesi/final_thesis/reconstructed/reco_C_7.csv
80,7,7,1.0,7,/home/luca/Uni/Triennale/VI/Tesi/final_thesis/reconstructed/reco_C_7.csv
81,7,6,0.8571428571428571,7,/home/luca/Uni/Triennale/VI/Tesi/final_thesis/reconstructed/reco_C_7.csv
82,7,7,1.0,7,/home/luca/Uni/Triennale/VI/Tesi/final_thesis/reconstructed/reco_C_7.csv
83,7,5,0.7142857142857143,7,/home/luca/Uni/Triennale/VI/Tesi/final_thesis/reconstructed/reco_C_7.csv
84,7,5,0.7142857142857143,7,/home/luca/Uni/Triennale/VI/Tesi/final_thesis/reconstructed/reco_C_7.csv
85,7,7,1.0,7,/home/luca/Uni/Triennale/VI/Tesi/final_thesis/reconstructed/reco_C_7.csv
86,7,5,0.7142857142857143,7,/home/luca/Uni/Triennale/VI/Tesi/final_thesis/reconstructed/reco_C_7.csv
87,7,7,1.0,7,/home/luca/Uni/Triennale/VI/Tesi/final_thesis/reconstructed/reco_C_7.csv
88,7,6,0.8571428571428571,7,/home/luca/Uni/Triennale/VI/Tesi/final_thesis/reconstructed/reco_C_7.csv
89,7,4,0.5714285714285714,7,/home/luca/Uni/Triennale/VI/Tesi/final_thesis/reconstructed/reco_C_7.csv
90,7,5,0.7142857142857143,7,/home/luca/Uni/Triennale/VI/Tesi/final_thesis/reconstructed/reco_C_7.csv
91,7,7,1.0,7,/home/luca/Uni/Triennale/VI/Tesi/final_thesis/reconstructed/reco_C_7.csv
92,7,6,0.8571428571428571,7,/home/luca/Uni/Triennale/VI/Tesi/final_thesis/reconstructed/reco_C_7.csv
93,7,7,1.0,7,/home/luca/Uni/Triennale/VI/Tesi/final_thesis/reconstructed/reco_C_7.csv
94,7,6,0.8571428571428571,7,/home/luca/Uni/Triennale/VI/Tesi/final_thesis/reconstructed/reco_C_7.csv
95,7,7,1.0,7,/home/luca/Uni/Triennale/VI/Tesi/final_thesis/reconstructed/reco_C_7.csv
96,7,6,0.8571428571428571,7,/home/luca/Uni/Triennale/VI/Tesi/final_thesis/reconstructed/reco_C_7.csv
97,7,7,1.0,7,/home/luca/Uni/Triennale/VI/Tesi/final_thesis/reconstructed/reco_C_7.csv
98,7,6,0.8571428571428571,7,/home/luca/Uni/Triennale/VI/Tesi/final_thesis/reconstructed/reco_C_7.csv
99,7,7,1.0,7,/home/luca/Uni/Triennale/VI/Tesi/final_thesis/reconstructed/reco_C_7.csv
0,8,7,0.875,8,/home/luca/Uni/Triennale/VI/Tesi/final_thesis/reconstructed/reco_C_8.csv
1,8,8,1.0,8,/home/luca/Uni/Triennale/VI/Tesi/final_thesis/reconstructed/reco_C_8.csv
2,8,6,0.75,8,/home/luca/Uni/Triennale/VI/Tesi/final_thesis/reconstructed/reco_C_8.csv
3,8,8,1.0,8,/home/luca/Uni/Triennale/VI/Tesi/final_thesis/reconstructed/reco_C_8.csv
4,8,7,0.875,8,/home/luca/Uni/Triennale/VI/Tesi/final_thesis/reconstructed/reco_C_8.csv
5,8,7,0.875,8,/home/luca/Uni/Triennale/VI/Tesi/final_thesis/reconstructed/reco_C_8.csv
6,8,6,0.75,8,/home/luca/Uni/Triennale/VI/Tesi/final_thesis/reconstructed/reco_C_8.csv
7,8,7,0.875,8,/home/luca/Uni/Triennale/VI/Tesi/final_thesis/reconstructed/reco_C_8.csv
8,8,8,1.0,8,/home/luca/Uni/Triennale/VI/Tesi/final_thesis/reconstructed/reco_C_8.csv
9,8,6,0.75,8,/home/luca/Uni/Triennale/VI/Tesi/final_thesis/reconstructed/reco_C_8.csv
10,8,7,0.875,8,/home/luca/Uni/Triennale/VI/Tesi/final_thesis/reconstructed/reco_C_8.csv
11,8,8,1.0,8,/home/luca/Uni/Triennale/VI/Tesi/final_thesis/reconstructed/reco_C_8.csv
12,8,6,0.75,8,/home/luca/Uni/Triennale/VI/Tesi/final_thesis/reconstructed/reco_C_8.csv
13,8,8,1.0,8,/home/luca/Uni/Triennale/VI/Tesi/final_thesis/reconstructed/reco_C_8.csv
14,8,6,0.75,8,/home/luca/Uni/Triennale/VI/Tesi/final_thesis/reconstructed/reco_C_8.csv
15,8,5,0.625,8,/home/luca/Uni/Triennale/VI/Tesi/final_thesis/reconstructed/reco_C_8.csv
16,8,6,0.75,8,/home/luca/Uni/Triennale/VI/Tesi/final_thesis/reconstructed/reco_C_8.csv
17,8,8,1.0,8,/home/luca/Uni/Triennale/VI/Tesi/final_thesis/reconstructed/reco_C_8.csv
18,8,7,0.875,8,/home/luca/Uni/Triennale/VI/Tesi/final_thesis/reconstructed/reco_C_8.csv
19,8,7,0.875,8,/home/luca/Uni/Triennale/VI/Tesi/final_thesis/reconstructed/reco_C_8.csv
20,8,6,0.75,8,/home/luca/Uni/Triennale/VI/Tesi/final_thesis/reconstructed/reco_C_8.csv
21,8,6,0.75,8,/home/luca/Uni/Triennale/VI/Tesi/final_thesis/reconstructed/reco_C_8.csv
22,8,7,0.875,8,/home/luca/Uni/Triennale/VI/Tesi/final_thesis/reconstructed/reco_C_8.csv
23,8,5,0.625,8,/home/luca/Uni/Triennale/VI/Tesi/final_thesis/reconstructed/reco_C_8.csv
24,8,6,0.75,8,/home/luca/Uni/Triennale/VI/Tesi/final_thesis/reconstructed/reco_C_8.csv
25,8,8,1.0,8,/home/luca/Uni/Triennale/VI/Tesi/final_thesis/reconstructed/reco_C_8.csv
26,8,7,0.875,8,/home/luca/Uni/Triennale/VI/Tesi/final_thesis/reconstructed/reco_C_8.csv
27,8,6,0.75,8,/home/luca/Uni/Triennale/VI/Tesi/final_thesis/reconstructed/reco_C_8.csv
28,8,6,0.75,8,/home/luca/Uni/Triennale/VI/Tesi/final_thesis/reconstructed/reco_C_8.csv
29,8,6,0.75,8,/home/luca/Uni/Triennale/VI/Tesi/final_thesis/reconstructed/reco_C_8.csv
30,8,7,0.875,8,/home/luca/Uni/Triennale/VI/Tesi/final_thesis/reconstructed/reco_C_8.csv
31,8,7,0.875,8,/home/luca/Uni/Triennale/VI/Tesi/final_thesis/reconstructed/reco_C_8.csv
32,8,7,0.875,8,/home/luca/Uni/Triennale/VI/Tesi/final_thesis/reconstructed/reco_C_8.csv
33,8,7,0.875,8,/home/luca/Uni/Triennale/VI/Tesi/final_thesis/reconstructed/reco_C_8.csv
34,8,7,0.875,8,/home/luca/Uni/Triennale/VI/Tesi/final_thesis/reconstructed/reco_C_8.csv
35,8,7,0.875,8,/home/luca/Uni/Triennale/VI/Tesi/final_thesis/reconstructed/reco_C_8.csv
36,8,8,1.0,8,/home/luca/Uni/Triennale/VI/Tesi/final_thesis/reconstructed/reco_C_8.csv
37,8,6,0.75,8,/home/luca/Uni/Triennale/VI/Tesi/final_thesis/reconstructed/reco_C_8.csv
38,8,8,1.0,8,/home/luca/Uni/Triennale/VI/Tesi/final_thesis/reconstructed/reco_C_8.csv
39,8,7,0.875,8,/home/luca/Uni/Triennale/VI/Tesi/final_thesis/reconstructed/reco_C_8.csv
40,8,7,0.875,8,/home/luca/Uni/Triennale/VI/Tesi/final_thesis/reconstructed/reco_C_8.csv
41,8,7,0.875,8,/home/luca/Uni/Triennale/VI/Tesi/final_thesis/reconstructed/reco_C_8.csv
42,8,8,1.0,8,/home/luca/Uni/Triennale/VI/Tesi/final_thesis/reconstructed/reco_C_8.csv
43,8,5,0.625,8,/home/luca/Uni/Triennale/VI/Tesi/final_thesis/reconstructed/reco_C_8.csv
44,8,8,1.0,8,/home/luca/Uni/Triennale/VI/Tesi/final_thesis/reconstructed/reco_C_8.csv
45,8,8,1.0,8,/home/luca/Uni/Triennale/VI/Tesi/final_thesis/reconstructed/reco_C_8.csv
46,8,8,1.0,8,/home/luca/Uni/Triennale/VI/Tesi/final_thesis/reconstructed/reco_C_8.csv
47,8,7,0.875,8,/home/luca/Uni/Triennale/VI/Tesi/final_thesis/reconstructed/reco_C_8.csv
48,8,6,0.75,8,/home/luca/Uni/Triennale/VI/Tesi/final_thesis/reconstructed/reco_C_8.csv
49,8,7,0.875,8,/home/luca/Uni/Triennale/VI/Tesi/final_thesis/reconstructed/reco_C_8.csv
50,8,7,0.875,8,/home/luca/Uni/Triennale/VI/Tesi/final_thesis/reconstructed/reco_C_8.csv
51,8,5,0.625,8,/home/luca/Uni/Triennale/VI/Tesi/final_thesis/reconstructed/reco_C_8.csv
52,8,7,0.875,8,/home/luca/Uni/Triennale/VI/Tesi/final_thesis/reconstructed/reco_C_8.csv
53,8,5,0.625,8,/home/luca/Uni/Triennale/VI/Tesi/final_thesis/reconstructed/reco_C_8.csv
54,8,6,0.75,8,/home/luca/Uni/Triennale/VI/Tesi/final_thesis/reconstructed/reco_C_8.csv
55,8,8,1.0,8,/home/luca/Uni/Triennale/VI/Tesi/final_thesis/reconstructed/reco_C_8.csv
56,8,5,0.625,8,/home/luca/Uni/Triennale/VI/Tesi/final_thesis/reconstructed/reco_C_8.csv
57,8,8,1.0,8,/home/luca/Uni/Triennale/VI/Tesi/final_thesis/reconstructed/reco_C_8.csv
58,8,5,0.625,8,/home/luca/Uni/Triennale/VI/Tesi/final_thesis/reconstructed/reco_C_8.csv
59,8,7,0.875,8,/home/luca/Uni/Triennale/VI/Tesi/final_thesis/reconstructed/reco_C_8.csv
60,8,8,1.0,8,/home/luca/Uni/Triennale/VI/Tesi/final_thesis/reconstructed/reco_C_8.csv
61,8,5,0.625,8,/home/luca/Uni/Triennale/VI/Tesi/final_thesis/reconstructed/reco_C_8.csv
62,8,7,0.875,8,/home/luca/Uni/Triennale/VI/Tesi/final_thesis/reconstructed/reco_C_8.csv
63,8,7,0.875,8,/home/luca/Uni/Triennale/VI/Tesi/final_thesis/reconstructed/reco_C_8.csv
64,8,6,0.75,8,/home/luca/Uni/Triennale/VI/Tesi/final_thesis/reconstructed/reco_C_8.csv
65,8,7,0.875,8,/home/luca/Uni/Triennale/VI/Tesi/final_thesis/reconstructed/reco_C_8.csv
66,8,7,0.875,8,/home/luca/Uni/Triennale/VI/Tesi/final_thesis/reconstructed/reco_C_8.csv
67,8,7,0.875,8,/home/luca/Uni/Triennale/VI/Tesi/final_thesis/reconstructed/reco_C_8.csv
68,8,8,1.0,8,/home/luca/Uni/Triennale/VI/Tesi/final_thesis/reconstructed/reco_C_8.csv
69,8,5,0.625,8,/home/luca/Uni/Triennale/VI/Tesi/final_thesis/reconstructed/reco_C_8.csv
70,8,6,0.75,8,/home/luca/Uni/Triennale/VI/Tesi/final_thesis/reconstructed/reco_C_8.csv
71,8,7,0.875,8,/home/luca/Uni/Triennale/VI/Tesi/final_thesis/reconstructed/reco_C_8.csv
72,8,8,1.0,8,/home/luca/Uni/Triennale/VI/Tesi/final_thesis/reconstructed/reco_C_8.csv
73,8,6,0.75,8,/home/luca/Uni/Triennale/VI/Tesi/final_thesis/reconstructed/reco_C_8.csv
74,8,8,1.0,8,/home/luca/Uni/Triennale/VI/Tesi/final_thesis/reconstructed/reco_C_8.csv
75,8,8,1.0,8,/home/luca/Uni/Triennale/VI/Tesi/final_thesis/reconstructed/reco_C_8.csv
76,8,7,0.875,8,/home/luca/Uni/Triennale/VI/Tesi/final_thesis/reconstructed/reco_C_8.csv
77,8,7,0.875,8,/home/luca/Uni/Triennale/VI/Tesi/final_thesis/reconstructed/reco_C_8.csv
78,8,6,0.75,8,/home/luca/Uni/Triennale/VI/Tesi/final_thesis/reconstructed/reco_C_8.csv
79,8,7,0.875,8,/home/luca/Uni/Triennale/VI/Tesi/final_thesis/reconstructed/reco_C_8.csv
80,8,4,0.5,8,/home/luca/Uni/Triennale/VI/Tesi/final_thesis/reconstructed/reco_C_8.csv
81,8,7,0.875,8,/home/luca/Uni/Triennale/VI/Tesi/final_thesis/reconstructed/reco_C_8.csv
82,8,5,0.625,8,/home/luca/Uni/Triennale/VI/Tesi/final_thesis/reconstructed/reco_C_8.csv
83,8,8,1.0,8,/home/luca/Uni/Triennale/VI/Tesi/final_thesis/reconstructed/reco_C_8.csv
84,8,7,0.875,8,/home/luca/Uni/Triennale/VI/Tesi/final_thesis/reconstructed/reco_C_8.csv
85,8,8,1.0,8,/home/luca/Uni/Triennale/VI/Tesi/final_thesis/reconstructed/reco_C_8.csv
86,8,7,0.875,8,/home/luca/Uni/Triennale/VI/Tesi/final_thesis/reconstructed/reco_C_8.csv
87,8,6,0.75,8,/home/luca/Uni/Triennale/VI/Tesi/final_thesis/reconstructed/reco_C_8.csv
88,8,6,0.75,8,/home/luca/Uni/Triennale/VI/Tesi/final_thesis/reconstructed/reco_C_8.csv
89,8,8,1.0,8,/home/luca/Uni/Triennale/VI/Tesi/final_thesis/reconstructed/reco_C_8.csv
90,8,8,1.0,8,/home/luca/Uni/Triennale/VI/Tesi/final_thesis/reconstructed/reco_C_8.csv
91,8,8,1.0,8,/home/luca/Uni/Triennale/VI/Tesi/final_thesis/reconstructed/reco_C_8.csv
92,8,6,0.75,8,/home/luca/Uni/Triennale/VI/Tesi/final_thesis/reconstructed/reco_C_8.csv
93,8,7,0.875,8,/home/luca/Uni/Triennale/VI/Tesi/final_thesis/reconstructed/reco_C_8.csv
94,8,5,0.625,8,/home/luca/Uni/Triennale/VI/Tesi/final_thesis/reconstructed/reco_C_8.csv
95,8,7,0.875,8,/home/luca/Uni/Triennale/VI/Tesi/final_thesis/reconstructed/reco_C_8.csv
96,8,7,0.875,8,/home/luca/Uni/Triennale/VI/Tesi/final_thesis/reconstructed/reco_C_8.csv
97,8,8,1.0,8,/home/luca/Uni/Triennale/VI/Tesi/final_thesis/reconstructed/reco_C_8.csv
98,8,7,0.875,8,/home/luca/Uni/Triennale/VI/Tesi/final_thesis/reconstructed/reco_C_8.csv
99,8,7,0.875,8,/home/luca/Uni/Triennale/VI/Tesi/final_thesis/reconstructed/reco_C_8.csv
0,9,9,1.0,9,/home/luca/Uni/Triennale/VI/Tesi/final_thesis/reconstructed/reco_C_9.csv
1,9,9,1.0,9,/home/luca/Uni/Triennale/VI/Tesi/final_thesis/reconstructed/reco_C_9.csv
2,9,8,0.8888888888888888,9,/home/luca/Uni/Triennale/VI/Tesi/final_thesis/reconstructed/reco_C_9.csv
3,9,7,0.7777777777777778,9,/home/luca/Uni/Triennale/VI/Tesi/final_thesis/reconstructed/reco_C_9.csv
4,9,7,0.7777777777777778,9,/home/luca/Uni/Triennale/VI/Tesi/final_thesis/reconstructed/reco_C_9.csv
5,9,8,0.8888888888888888,9,/home/luca/Uni/Triennale/VI/Tesi/final_thesis/reconstructed/reco_C_9.csv
6,9,7,0.7777777777777778,9,/home/luca/Uni/Triennale/VI/Tesi/final_thesis/reconstructed/reco_C_9.csv
7,9,8,0.8888888888888888,9,/home/luca/Uni/Triennale/VI/Tesi/final_thesis/reconstructed/reco_C_9.csv
8,9,7,0.7777777777777778,9,/home/luca/Uni/Triennale/VI/Tesi/final_thesis/reconstructed/reco_C_9.csv
9,9,8,0.8888888888888888,9,/home/luca/Uni/Triennale/VI/Tesi/final_thesis/reconstructed/reco_C_9.csv
10,9,8,0.8888888888888888,9,/home/luca/Uni/Triennale/VI/Tesi/final_thesis/reconstructed/reco_C_9.csv
11,9,9,1.0,9,/home/luca/Uni/Triennale/VI/Tesi/final_thesis/reconstructed/reco_C_9.csv
12,9,9,1.0,9,/home/luca/Uni/Triennale/VI/Tesi/final_thesis/reconstructed/reco_C_9.csv
13,9,7,0.7777777777777778,9,/home/luca/Uni/Triennale/VI/Tesi/final_thesis/reconstructed/reco_C_9.csv
14,9,9,1.0,9,/home/luca/Uni/Triennale/VI/Tesi/final_thesis/reconstructed/reco_C_9.csv
15,9,8,0.8888888888888888,9,/home/luca/Uni/Triennale/VI/Tesi/final_thesis/reconstructed/reco_C_9.csv
16,9,8,0.8888888888888888,9,/home/luca/Uni/Triennale/VI/Tesi/final_thesis/reconstructed/reco_C_9.csv
17,9,9,1.0,9,/home/luca/Uni/Triennale/VI/Tesi/final_thesis/reconstructed/reco_C_9.csv
18,9,8,0.8888888888888888,9,/home/luca/Uni/Triennale/VI/Tesi/final_thesis/reconstructed/reco_C_9.csv
19,9,7,0.7777777777777778,9,/home/luca/Uni/Triennale/VI/Tesi/final_thesis/reconstructed/reco_C_9.csv
20,9,8,0.8888888888888888,9,/home/luca/Uni/Triennale/VI/Tesi/final_thesis/reconstructed/reco_C_9.csv
21,9,8,0.8888888888888888,9,/home/luca/Uni/Triennale/VI/Tesi/final_thesis/reconstructed/reco_C_9.csv
22,9,7,0.7777777777777778,9,/home/luca/Uni/Triennale/VI/Tesi/final_thesis/reconstructed/reco_C_9.csv
23,9,5,0.5555555555555556,9,/home/luca/Uni/Triennale/VI/Tesi/final_thesis/reconstructed/reco_C_9.csv
24,9,7,0.7777777777777778,9,/home/luca/Uni/Triennale/VI/Tesi/final_thesis/reconstructed/reco_C_9.csv
25,9,8,0.8888888888888888,9,/home/luca/Uni/Triennale/VI/Tesi/final_thesis/reconstructed/reco_C_9.csv
26,9,8,0.8888888888888888,9,/home/luca/Uni/Triennale/VI/Tesi/final_thesis/reconstructed/reco_C_9.csv
27,9,7,0.7777777777777778,9,/home/luca/Uni/Triennale/VI/Tesi/final_thesis/reconstructed/reco_C_9.csv
28,9,9,1.0,9,/home/luca/Uni/Triennale/VI/Tesi/final_thesis/reconstructed/reco_C_9.csv
29,9,7,0.7777777777777778,9,/home/luca/Uni/Triennale/VI/Tesi/final_thesis/reconstructed/reco_C_9.csv
30,9,8,0.8888888888888888,9,/home/luca/Uni/Triennale/VI/Tesi/final_thesis/reconstructed/reco_C_9.csv
31,9,9,1.0,9,/home/luca/Uni/Triennale/VI/Tesi/final_thesis/reconstructed/reco_C_9.csv
32,9,9,1.0,9,/home/luca/Uni/Triennale/VI/Tesi/final_thesis/reconstructed/reco_C_9.csv
33,9,8,0.8888888888888888,9,/home/luca/Uni/Triennale/VI/Tesi/final_thesis/reconstructed/reco_C_9.csv
34,9,7,0.7777777777777778,9,/home/luca/Uni/Triennale/VI/Tesi/final_thesis/reconstructed/reco_C_9.csv
35,9,6,0.6666666666666666,9,/home/luca/Uni/Triennale/VI/Tesi/final_thesis/reconstructed/reco_C_9.csv
36,9,9,1.0,9,/home/luca/Uni/Triennale/VI/Tesi/final_thesis/reconstructed/reco_C_9.csv
37,9,8,0.8888888888888888,9,/home/luca/Uni/Triennale/VI/Tesi/final_thesis/reconstructed/reco_C_9.csv
38,9,8,0.8888888888888888,9,/home/luca/Uni/Triennale/VI/Tesi/final_thesis/reconstructed/reco_C_9.csv
39,9,8,0.8888888888888888,9,/home/luca/Uni/Triennale/VI/Tesi/final_thesis/reconstructed/reco_C_9.csv
40,9,8,0.8888888888888888,9,/home/luca/Uni/Triennale/VI/Tesi/final_thesis/reconstructed/reco_C_9.csv
41,9,9,1.0,9,/home/luca/Uni/Triennale/VI/Tesi/final_thesis/reconstructed/reco_C_9.csv
42,9,7,0.7777777777777778,9,/home/luca/Uni/Triennale/VI/Tesi/final_thesis/reconstructed/reco_C_9.csv
43,9,8,0.8888888888888888,9,/home/luca/Uni/Triennale/VI/Tesi/final_thesis/reconstructed/reco_C_9.csv
44,9,8,0.8888888888888888,9,/home/luca/Uni/Triennale/VI/Tesi/final_thesis/reconstructed/reco_C_9.csv
45,9,8,0.8888888888888888,9,/home/luca/Uni/Triennale/VI/Tesi/final_thesis/reconstructed/reco_C_9.csv
46,9,8,0.8888888888888888,9,/home/luca/Uni/Triennale/VI/Tesi/final_thesis/reconstructed/reco_C_9.csv
47,9,7,0.7777777777777778,9,/home/luca/Uni/Triennale/VI/Tesi/final_thesis/reconstructed/reco_C_9.csv
48,9,8,0.8888888888888888,9,/home/luca/Uni/Triennale/VI/Tesi/final_thesis/reconstructed/reco_C_9.csv
49,9,8,0.8888888888888888,9,/home/luca/Uni/Triennale/VI/Tesi/final_thesis/reconstructed/reco_C_9.csv
50,9,7,0.7777777777777778,9,/home/luca/Uni/Triennale/VI/Tesi/final_thesis/reconstructed/reco_C_9.csv
51,9,9,1.0,9,/home/luca/Uni/Triennale/VI/Tesi/final_thesis/reconstructed/reco_C_9.csv
52,9,8,0.8888888888888888,9,/home/luca/Uni/Triennale/VI/Tesi/final_thesis/reconstructed/reco_C_9.csv
53,9,7,0.7777777777777778,9,/home/luca/Uni/Triennale/VI/Tesi/final_thesis/reconstructed/reco_C_9.csv
54,9,8,0.8888888888888888,9,/home/luca/Uni/Triennale/VI/Tesi/final_thesis/reconstructed/reco_C_9.csv
55,9,9,1.0,9,/home/luca/Uni/Triennale/VI/Tesi/final_thesis/reconstructed/reco_C_9.csv
56,9,8,0.8888888888888888,9,/home/luca/Uni/Triennale/VI/Tesi/final_thesis/reconstructed/reco_C_9.csv
57,9,8,0.8888888888888888,9,/home/luca/Uni/Triennale/VI/Tesi/final_thesis/reconstructed/reco_C_9.csv
58,9,8,0.8888888888888888,9,/home/luca/Uni/Triennale/VI/Tesi/final_thesis/reconstructed/reco_C_9.csv
59,9,7,0.7777777777777778,9,/home/luca/Uni/Triennale/VI/Tesi/final_thesis/reconstructed/reco_C_9.csv
60,9,7,0.7777777777777778,9,/home/luca/Uni/Triennale/VI/Tesi/final_thesis/reconstructed/reco_C_9.csv
61,9,8,0.8888888888888888,9,/home/luca/Uni/Triennale/VI/Tesi/final_thesis/reconstructed/reco_C_9.csv
62,9,8,0.8888888888888888,9,/home/luca/Uni/Triennale/VI/Tesi/final_thesis/reconstructed/reco_C_9.csv
63,9,9,1.0,9,/home/luca/Uni/Triennale/VI/Tesi/final_thesis/reconstructed/reco_C_9.csv
64,9,8,0.8888888888888888,9,/home/luca/Uni/Triennale/VI/Tesi/final_thesis/reconstructed/reco_C_9.csv
65,9,8,0.8888888888888888,9,/home/luca/Uni/Triennale/VI/Tesi/final_thesis/reconstructed/reco_C_9.csv
66,9,8,0.8888888888888888,9,/home/luca/Uni/Triennale/VI/Tesi/final_thesis/reconstructed/reco_C_9.csv
67,9,8,0.8888888888888888,9,/home/luca/Uni/Triennale/VI/Tesi/final_thesis/reconstructed/reco_C_9.csv
68,9,7,0.7777777777777778,9,/home/luca/Uni/Triennale/VI/Tesi/final_thesis/reconstructed/reco_C_9.csv
69,9,7,0.7777777777777778,9,/home/luca/Uni/Triennale/VI/Tesi/final_thesis/reconstructed/reco_C_9.csv
70,9,8,0.8888888888888888,9,/home/luca/Uni/Triennale/VI/Tesi/final_thesis/reconstructed/reco_C_9.csv
71,9,8,0.8888888888888888,9,/home/luca/Uni/Triennale/VI/Tesi/final_thesis/reconstructed/reco_C_9.csv
72,9,8,0.8888888888888888,9,/home/luca/Uni/Triennale/VI/Tesi/final_thesis/reconstructed/reco_C_9.csv
73,9,8,0.8888888888888888,9,/home/luca/Uni/Triennale/VI/Tesi/final_thesis/reconstructed/reco_C_9.csv
74,9,8,0.8888888888888888,9,/home/luca/Uni/Triennale/VI/Tesi/final_thesis/reconstructed/reco_C_9.csv
75,9,7,0.7777777777777778,9,/home/luca/Uni/Triennale/VI/Tesi/final_thesis/reconstructed/reco_C_9.csv
76,9,7,0.7777777777777778,9,/home/luca/Uni/Triennale/VI/Tesi/final_thesis/reconstructed/reco_C_9.csv
77,9,7,0.7777777777777778,9,/home/luca/Uni/Triennale/VI/Tesi/final_thesis/reconstructed/reco_C_9.csv
78,9,7,0.7777777777777778,9,/home/luca/Uni/Triennale/VI/Tesi/final_thesis/reconstructed/reco_C_9.csv
79,9,8,0.8888888888888888,9,/home/luca/Uni/Triennale/VI/Tesi/final_thesis/reconstructed/reco_C_9.csv
80,9,8,0.8888888888888888,9,/home/luca/Uni/Triennale/VI/Tesi/final_thesis/reconstructed/reco_C_9.csv
81,9,8,0.8888888888888888,9,/home/luca/Uni/Triennale/VI/Tesi/final_thesis/reconstructed/reco_C_9.csv
82,9,9,1.0,9,/home/luca/Uni/Triennale/VI/Tesi/final_thesis/reconstructed/reco_C_9.csv
83,9,9,1.0,9,/home/luca/Uni/Triennale/VI/Tesi/final_thesis/reconstructed/reco_C_9.csv
84,9,8,0.8888888888888888,9,/home/luca/Uni/Triennale/VI/Tesi/final_thesis/reconstructed/reco_C_9.csv
85,9,8,0.8888888888888888,9,/home/luca/Uni/Triennale/VI/Tesi/final_thesis/reconstructed/reco_C_9.csv
86,9,8,0.8888888888888888,9,/home/luca/Uni/Triennale/VI/Tesi/final_thesis/reconstructed/reco_C_9.csv
87,9,8,0.8888888888888888,9,/home/luca/Uni/Triennale/VI/Tesi/final_thesis/reconstructed/reco_C_9.csv
88,9,7,0.7777777777777778,9,/home/luca/Uni/Triennale/VI/Tesi/final_thesis/reconstructed/reco_C_9.csv
89,9,8,0.8888888888888888,9,/home/luca/Uni/Triennale/VI/Tesi/final_thesis/reconstructed/reco_C_9.csv
90,9,7,0.7777777777777778,9,/home/luca/Uni/Triennale/VI/Tesi/final_thesis/reconstructed/reco_C_9.csv
91,9,8,0.8888888888888888,9,/home/luca/Uni/Triennale/VI/Tesi/final_thesis/reconstructed/reco_C_9.csv
92,9,6,0.6666666666666666,9,/home/luca/Uni/Triennale/VI/Tesi/final_thesis/reconstructed/reco_C_9.csv
93,9,8,0.8888888888888888,9,/home/luca/Uni/Triennale/VI/Tesi/final_thesis/reconstructed/reco_C_9.csv
94,9,8,0.8888888888888888,9,/home/luca/Uni/Triennale/VI/Tesi/final_thesis/reconstructed/reco_C_9.csv
95,9,8,0.8888888888888888,9,/home/luca/Uni/Triennale/VI/Tesi/final_thesis/reconstructed/reco_C_9.csv
96,9,7,0.7777777777777778,9,/home/luca/Uni/Triennale/VI/Tesi/final_thesis/reconstructed/reco_C_9.csv
97,9,8,0.8888888888888888,9,/home/luca/Uni/Triennale/VI/Tesi/final_thesis/reconstructed/reco_C_9.csv
98,9,8,0.8888888888888888,9,/home/luca/Uni/Triennale/VI/Tesi/final_thesis/reconstructed/reco_C_9.csv
99,9,7,0.7777777777777778,9,/home/luca/Uni/Triennale/VI/Tesi/final_thesis/reconstructed/reco_C_9.csv
0,10,9,0.9,10,/home/luca/Uni/Triennale/VI/Tesi/final_thesis/reconstructed/reco_C_10.csv
1,10,9,0.9,10,/home/luca/Uni/Triennale/VI/Tesi/final_thesis/reconstructed/reco_C_10.csv
2,10,8,0.8,10,/home/luca/Uni/Triennale/VI/Tesi/final_thesis/reconstructed/reco_C_10.csv
3,10,7,0.7,10,/home/luca/Uni/Triennale/VI/Tesi/final_thesis/reconstructed/reco_C_10.csv
4,10,8,0.8,10,/home/luca/Uni/Triennale/VI/Tesi/final_thesis/reconstructed/reco_C_10.csv
5,10,9,0.9,10,/home/luca/Uni/Triennale/VI/Tesi/final_thesis/reconstructed/reco_C_10.csv
6,10,8,0.8,10,/home/luca/Uni/Triennale/VI/Tesi/final_thesis/reconstructed/reco_C_10.csv
7,10,9,0.9,10,/home/luca/Uni/Triennale/VI/Tesi/final_thesis/reconstructed/reco_C_10.csv
8,10,10,1.0,10,/home/luca/Uni/Triennale/VI/Tesi/final_thesis/reconstructed/reco_C_10.csv
9,10,8,0.8,10,/home/luca/Uni/Triennale/VI/Tesi/final_thesis/reconstructed/reco_C_10.csv
10,10,10,1.0,10,/home/luca/Uni/Triennale/VI/Tesi/final_thesis/reconstructed/reco_C_10.csv
11,10,7,0.7,10,/home/luca/Uni/Triennale/VI/Tesi/final_thesis/reconstructed/reco_C_10.csv
12,10,8,0.8,10,/home/luca/Uni/Triennale/VI/Tesi/final_thesis/reconstructed/reco_C_10.csv
13,10,8,0.8,10,/home/luca/Uni/Triennale/VI/Tesi/final_thesis/reconstructed/reco_C_10.csv
14,10,9,0.9,10,/home/luca/Uni/Triennale/VI/Tesi/final_thesis/reconstructed/reco_C_10.csv
15,10,7,0.7,10,/home/luca/Uni/Triennale/VI/Tesi/final_thesis/reconstructed/reco_C_10.csv
16,10,10,1.0,10,/home/luca/Uni/Triennale/VI/Tesi/final_thesis/reconstructed/reco_C_10.csv
17,10,10,1.0,10,/home/luca/Uni/Triennale/VI/Tesi/final_thesis/reconstructed/reco_C_10.csv
18,10,9,0.9,10,/home/luca/Uni/Triennale/VI/Tesi/final_thesis/reconstructed/reco_C_10.csv
19,10,8,0.8,10,/home/luca/Uni/Triennale/VI/Tesi/final_thesis/reconstructed/reco_C_10.csv
20,10,7,0.7,10,/home/luca/Uni/Triennale/VI/Tesi/final_thesis/reconstructed/reco_C_10.csv
21,10,9,0.9,10,/home/luca/Uni/Triennale/VI/Tesi/final_thesis/reconstructed/reco_C_10.csv
22,10,10,1.0,10,/home/luca/Uni/Triennale/VI/Tesi/final_thesis/reconstructed/reco_C_10.csv
23,10,10,1.0,10,/home/luca/Uni/Triennale/VI/Tesi/final_thesis/reconstructed/reco_C_10.csv
24,10,8,0.8,10,/home/luca/Uni/Triennale/VI/Tesi/final_thesis/reconstructed/reco_C_10.csv
25,10,6,0.6,10,/home/luca/Uni/Triennale/VI/Tesi/final_thesis/reconstructed/reco_C_10.csv
26,10,8,0.8,10,/home/luca/Uni/Triennale/VI/Tesi/final_thesis/reconstructed/reco_C_10.csv
27,10,10,1.0,10,/home/luca/Uni/Triennale/VI/Tesi/final_thesis/reconstructed/reco_C_10.csv
28,10,8,0.8,10,/home/luca/Uni/Triennale/VI/Tesi/final_thesis/reconstructed/reco_C_10.csv
29,10,10,1.0,10,/home/luca/Uni/Triennale/VI/Tesi/final_thesis/reconstructed/reco_C_10.csv
30,10,8,0.8,10,/home/luca/Uni/Triennale/VI/Tesi/final_thesis/reconstructed/reco_C_10.csv
31,10,9,0.9,10,/home/luca/Uni/Triennale/VI/Tesi/final_thesis/reconstructed/reco_C_10.csv
32,10,7,0.7,10,/home/luca/Uni/Triennale/VI/Tesi/final_thesis/reconstructed/reco_C_10.csv
33,10,10,1.0,10,/home/luca/Uni/Triennale/VI/Tesi/final_thesis/reconstructed/reco_C_10.csv
34,10,8,0.8,10,/home/luca/Uni/Triennale/VI/Tesi/final_thesis/reconstructed/reco_C_10.csv
35,10,9,0.9,10,/home/luca/Uni/Triennale/VI/Tesi/final_thesis/reconstructed/reco_C_10.csv
36,10,8,0.8,10,/home/luca/Uni/Triennale/VI/Tesi/final_thesis/reconstructed/reco_C_10.csv
37,10,9,0.9,10,/home/luca/Uni/Triennale/VI/Tesi/final_thesis/reconstructed/reco_C_10.csv
38,10,8,0.8,10,/home/luca/Uni/Triennale/VI/Tesi/final_thesis/reconstructed/reco_C_10.csv
39,10,10,1.0,10,/home/luca/Uni/Triennale/VI/Tesi/final_thesis/reconstructed/reco_C_10.csv
40,10,8,0.8,10,/home/luca/Uni/Triennale/VI/Tesi/final_thesis/reconstructed/reco_C_10.csv
41,10,9,0.9,10,/home/luca/Uni/Triennale/VI/Tesi/final_thesis/reconstructed/reco_C_10.csv
42,10,10,1.0,10,/home/luca/Uni/Triennale/VI/Tesi/final_thesis/reconstructed/reco_C_10.csv
43,10,9,0.9,10,/home/luca/Uni/Triennale/VI/Tesi/final_thesis/reconstructed/reco_C_10.csv
44,10,10,1.0,10,/home/luca/Uni/Triennale/VI/Tesi/final_thesis/reconstructed/reco_C_10.csv
45,10,7,0.7,10,/home/luca/Uni/Triennale/VI/Tesi/final_thesis/reconstructed/reco_C_10.csv
46,10,8,0.8,10,/home/luca/Uni/Triennale/VI/Tesi/final_thesis/reconstructed/reco_C_10.csv
47,10,8,0.8,10,/home/luca/Uni/Triennale/VI/Tesi/final_thesis/reconstructed/reco_C_10.csv
48,10,10,1.0,10,/home/luca/Uni/Triennale/VI/Tesi/final_thesis/reconstructed/reco_C_10.csv
49,10,9,0.9,10,/home/luca/Uni/Triennale/VI/Tesi/final_thesis/reconstructed/reco_C_10.csv
50,10,9,0.9,10,/home/luca/Uni/Triennale/VI/Tesi/final_thesis/reconstructed/reco_C_10.csv
51,10,10,1.0,10,/home/luca/Uni/Triennale/VI/Tesi/final_thesis/reconstructed/reco_C_10.csv
52,10,8,0.8,10,/home/luca/Uni/Triennale/VI/Tesi/final_thesis/reconstructed/reco_C_10.csv
53,10,9,0.9,10,/home/luca/Uni/Triennale/VI/Tesi/final_thesis/reconstructed/reco_C_10.csv
54,10,9,0.9,10,/home/luca/Uni/Triennale/VI/Tesi/final_thesis/reconstructed/reco_C_10.csv
55,10,8,0.8,10,/home/luca/Uni/Triennale/VI/Tesi/final_thesis/reconstructed/reco_C_10.csv
56,10,7,0.7,10,/home/luca/Uni/Triennale/VI/Tesi/final_thesis/reconstructed/reco_C_10.csv
57,10,9,0.9,10,/home/luca/Uni/Triennale/VI/Tesi/final_thesis/reconstructed/reco_C_10.csv
58,10,10,1.0,10,/home/luca/Uni/Triennale/VI/Tesi/final_thesis/reconstructed/reco_C_10.csv
59,10,9,0.9,10,/home/luca/Uni/Triennale/VI/Tesi/final_thesis/reconstructed/reco_C_10.csv
60,10,9,0.9,10,/home/luca/Uni/Triennale/VI/Tesi/final_thesis/reconstructed/reco_C_10.csv
61,10,9,0.9,10,/home/luca/Uni/Triennale/VI/Tesi/final_thesis/reconstructed/reco_C_10.csv
62,10,8,0.8,10,/home/luca/Uni/Triennale/VI/Tesi/final_thesis/reconstructed/reco_C_10.csv
63,10,7,0.7,10,/home/luca/Uni/Triennale/VI/Tesi/final_thesis/reconstructed/reco_C_10.csv
64,10,9,0.9,10,/home/luca/Uni/Triennale/VI/Tesi/final_thesis/reconstructed/reco_C_10.csv
65,10,8,0.8,10,/home/luca/Uni/Triennale/VI/Tesi/final_thesis/reconstructed/reco_C_10.csv
66,10,8,0.8,10,/home/luca/Uni/Triennale/VI/Tesi/final_thesis/reconstructed/reco_C_10.csv
67,10,10,1.0,10,/home/luca/Uni/Triennale/VI/Tesi/final_thesis/reconstructed/reco_C_10.csv
68,10,10,1.0,10,/home/luca/Uni/Triennale/VI/Tesi/final_thesis/reconstructed/reco_C_10.csv
69,10,10,1.0,10,/home/luca/Uni/Triennale/VI/Tesi/final_thesis/reconstructed/reco_C_10.csv
70,10,8,0.8,10,/home/luca/Uni/Triennale/VI/Tesi/final_thesis/reconstructed/reco_C_10.csv
71,10,8,0.8,10,/home/luca/Uni/Triennale/VI/Tesi/final_thesis/reconstructed/reco_C_10.csv
72,10,9,0.9,10,/home/luca/Uni/Triennale/VI/Tesi/final_thesis/reconstructed/reco_C_10.csv
73,10,10,1.0,10,/home/luca/Uni/Triennale/VI/Tesi/final_thesis/reconstructed/reco_C_10.csv
74,10,5,0.5,10,/home/luca/Uni/Triennale/VI/Tesi/final_thesis/reconstructed/reco_C_10.csv
75,10,10,1.0,10,/home/luca/Uni/Triennale/VI/Tesi/final_thesis/reconstructed/reco_C_10.csv
76,10,10,1.0,10,/home/luca/Uni/Triennale/VI/Tesi/final_thesis/reconstructed/reco_C_10.csv
77,10,10,1.0,10,/home/luca/Uni/Triennale/VI/Tesi/final_thesis/reconstructed/reco_C_10.csv
78,10,9,0.9,10,/home/luca/Uni/Triennale/VI/Tesi/final_thesis/reconstructed/reco_C_10.csv
79,10,8,0.8,10,/home/luca/Uni/Triennale/VI/Tesi/final_thesis/reconstructed/reco_C_10.csv
80,10,9,0.9,10,/home/luca/Uni/Triennale/VI/Tesi/final_thesis/reconstructed/reco_C_10.csv
81,10,7,0.7,10,/home/luca/Uni/Triennale/VI/Tesi/final_thesis/reconstructed/reco_C_10.csv
82,10,10,1.0,10,/home/luca/Uni/Triennale/VI/Tesi/final_thesis/reconstructed/reco_C_10.csv
83,10,10,1.0,10,/home/luca/Uni/Triennale/VI/Tesi/final_thesis/reconstructed/reco_C_10.csv
84,10,10,1.0,10,/home/luca/Uni/Triennale/VI/Tesi/final_thesis/reconstructed/reco_C_10.csv
85,10,8,0.8,10,/home/luca/Uni/Triennale/VI/Tesi/final_thesis/reconstructed/reco_C_10.csv
86,10,9,0.9,10,/home/luca/Uni/Triennale/VI/Tesi/final_thesis/reconstructed/reco_C_10.csv
87,10,9,0.9,10,/home/luca/Uni/Triennale/VI/Tesi/final_thesis/reconstructed/reco_C_10.csv
88,10,9,0.9,10,/home/luca/Uni/Triennale/VI/Tesi/final_thesis/reconstructed/reco_C_10.csv
89,10,10,1.0,10,/home/luca/Uni/Triennale/VI/Tesi/final_thesis/reconstructed/reco_C_10.csv
90,10,10,1.0,10,/home/luca/Uni/Triennale/VI/Tesi/final_thesis/reconstructed/reco_C_10.csv
91,10,9,0.9,10,/home/luca/Uni/Triennale/VI/Tesi/final_thesis/reconstructed/reco_C_10.csv
92,10,8,0.8,10,/home/luca/Uni/Triennale/VI/Tesi/final_thesis/reconstructed/reco_C_10.csv
93,10,10,1.0,10,/home/luca/Uni/Triennale/VI/Tesi/final_thesis/reconstructed/reco_C_10.csv
94,10,8,0.8,10,/home/luca/Uni/Triennale/VI/Tesi/final_thesis/reconstructed/reco_C_10.csv
95,10,10,1.0,10,/home/luca/Uni/Triennale/VI/Tesi/final_thesis/reconstructed/reco_C_10.csv
96,10,9,0.9,10,/home/luca/Uni/Triennale/VI/Tesi/final_thesis/reconstructed/reco_C_10.csv
97,10,10,1.0,10,/home/luca/Uni/Triennale/VI/Tesi/final_thesis/reconstructed/reco_C_10.csv
98,10,9,0.9,10,/home/luca/Uni/Triennale/VI/Tesi/final_thesis/reconstructed/reco_C_10.csv
99,10,10,1.0,10,/home/luca/Uni/Triennale/VI/Tesi/final_thesis/reconstructed/reco_C_10.csv
